"id","popularity"
30001,"2"
30002,"2"
30003,"3"
30004,"1"
30005,"1"
30006,"3"
30007,"1"
30008,"2"
30009,"3"
30010,"2"
30011,"1"
30012,"2"
30013,"1"
30014,"3"
30015,"1"
30016,"1"
30017,"3"
30018,"3"
30019,"3"
30020,"2"
30021,"3"
30022,"3"
30023,"3"
30024,"2"
30025,"2"
30026,"1"
30027,"1"
30028,"1"
30029,"1"
30030,"2"
30031,"1"
30032,"1"
30033,"3"
30034,"3"
30035,"1"
30036,"1"
30037,"2"
30038,"2"
30039,"3"
30040,"1"
30041,"3"
30042,"1"
30043,"1"
30044,"3"
30045,"1"
30046,"1"
30047,"1"
30048,"1"
30049,"3"
30050,"2"
30051,"1"
30052,"2"
30053,"1"
30054,"3"
30055,"3"
30056,"2"
30057,"1"
30058,"2"
30059,"3"
30060,"1"
30061,"2"
30062,"3"
30063,"1"
30064,"2"
30065,"1"
30066,"3"
30067,"3"
30068,"3"
30069,"1"
30070,"1"
30071,"2"
30072,"1"
30073,"2"
30074,"3"
30075,"3"
30076,"1"
30077,"3"
30078,"3"
30079,"3"
30080,"3"
30081,"1"
30082,"3"
30083,"1"
30084,"3"
30085,"2"
30086,"1"
30087,"3"
30088,"2"
30089,"1"
30090,"2"
30091,"2"
30092,"1"
30093,"1"
30094,"1"
30095,"1"
30096,"1"
30097,"1"
30098,"3"
30099,"3"
30100,"2"
30101,"3"
30102,"3"
30103,"3"
30104,"3"
30105,"2"
30106,"3"
30107,"1"
30108,"2"
30109,"2"
30110,"3"
30111,"1"
30112,"2"
30113,"1"
30114,"1"
30115,"3"
30116,"2"
30117,"2"
30118,"3"
30119,"3"
30120,"1"
30121,"1"
30122,"3"
30123,"2"
30124,"1"
30125,"3"
30126,"2"
30127,"2"
30128,"1"
30129,"3"
30130,"3"
30131,"1"
30132,"2"
30133,"1"
30134,"1"
30135,"1"
30136,"1"
30137,"1"
30138,"2"
30139,"3"
30140,"1"
30141,"1"
30142,"1"
30143,"3"
30144,"3"
30145,"1"
30146,"2"
30147,"3"
30148,"2"
30149,"1"
30150,"1"
30151,"2"
30152,"3"
30153,"2"
30154,"3"
30155,"3"
30156,"3"
30157,"3"
30158,"1"
30159,"3"
30160,"1"
30161,"2"
30162,"2"
30163,"2"
30164,"3"
30165,"1"
30166,"1"
30167,"3"
30168,"2"
30169,"3"
30170,"1"
30171,"1"
30172,"1"
30173,"1"
30174,"3"
30175,"2"
30176,"1"
30177,"1"
30178,"1"
30179,"3"
30180,"1"
30181,"3"
30182,"3"
30183,"3"
30184,"2"
30185,"1"
30186,"1"
30187,"2"
30188,"1"
30189,"1"
30190,"1"
30191,"1"
30192,"2"
30193,"1"
30194,"1"
30195,"3"
30196,"1"
30197,"2"
30198,"3"
30199,"3"
30200,"2"
30201,"3"
30202,"1"
30203,"3"
30204,"3"
30205,"2"
30206,"1"
30207,"2"
30208,"3"
30209,"1"
30210,"3"
30211,"1"
30212,"1"
30213,"3"
30214,"1"
30215,"2"
30216,"3"
30217,"2"
30218,"2"
30219,"3"
30220,"2"
30221,"1"
30222,"1"
30223,"3"
30224,"3"
30225,"1"
30226,"3"
30227,"1"
30228,"1"
30229,"3"
30230,"3"
30231,"2"
30232,"1"
30233,"1"
30234,"2"
30235,"3"
30236,"2"
30237,"2"
30238,"2"
30239,"3"
30240,"2"
30241,"2"
30242,"3"
30243,"2"
30244,"3"
30245,"2"
30246,"2"
30247,"1"
30248,"1"
30249,"1"
30250,"1"
30251,"1"
30252,"3"
30253,"1"
30254,"3"
30255,"3"
30256,"1"
30257,"3"
30258,"2"
30259,"1"
30260,"3"
30261,"1"
30262,"2"
30263,"1"
30264,"1"
30265,"1"
30266,"1"
30267,"2"
30268,"2"
30269,"2"
30270,"3"
30271,"1"
30272,"2"
30273,"1"
30274,"2"
30275,"3"
30276,"3"
30277,"3"
30278,"3"
30279,"1"
30280,"3"
30281,"3"
30282,"3"
30283,"3"
30284,"1"
30285,"3"
30286,"2"
30287,"2"
30288,"1"
30289,"2"
30290,"1"
30291,"3"
30292,"1"
30293,"1"
30294,"3"
30295,"1"
30296,"3"
30297,"1"
30298,"1"
30299,"3"
30300,"2"
30301,"2"
30302,"3"
30303,"1"
30304,"2"
30305,"3"
30306,"1"
30307,"2"
30308,"3"
30309,"2"
30310,"1"
30311,"1"
30312,"1"
30313,"1"
30314,"1"
30315,"1"
30316,"3"
30317,"1"
30318,"3"
30319,"2"
30320,"1"
30321,"3"
30322,"2"
30323,"1"
30324,"2"
30325,"1"
30326,"2"
30327,"1"
30328,"1"
30329,"1"
30330,"1"
30331,"2"
30332,"2"
30333,"1"
30334,"1"
30335,"3"
30336,"3"
30337,"2"
30338,"2"
30339,"1"
30340,"1"
30341,"1"
30342,"1"
30343,"2"
30344,"2"
30345,"3"
30346,"1"
30347,"2"
30348,"1"
30349,"3"
30350,"1"
30351,"2"
30352,"2"
30353,"3"
30354,"3"
30355,"3"
30356,"1"
30357,"3"
30358,"1"
30359,"2"
30360,"2"
30361,"1"
30362,"2"
30363,"1"
30364,"1"
30365,"3"
30366,"1"
30367,"1"
30368,"2"
30369,"2"
30370,"3"
30371,"3"
30372,"2"
30373,"1"
30374,"3"
30375,"3"
30376,"3"
30377,"1"
30378,"3"
30379,"2"
30380,"3"
30381,"2"
30382,"3"
30383,"3"
30384,"2"
30385,"1"
30386,"1"
30387,"2"
30388,"1"
30389,"2"
30390,"3"
30391,"1"
30392,"1"
30393,"1"
30394,"1"
30395,"3"
30396,"2"
30397,"3"
30398,"2"
30399,"2"
30400,"3"
30401,"1"
30402,"2"
30403,"2"
30404,"2"
30405,"3"
30406,"2"
30407,"3"
30408,"1"
30409,"3"
30410,"3"
30411,"2"
30412,"1"
30413,"2"
30414,"1"
30415,"1"
30416,"2"
30417,"3"
30418,"1"
30419,"2"
30420,"1"
30421,"1"
30422,"1"
30423,"1"
30424,"1"
30425,"1"
30426,"2"
30427,"1"
30428,"2"
30429,"3"
30430,"3"
30431,"1"
30432,"2"
30433,"2"
30434,"3"
30435,"2"
30436,"1"
30437,"2"
30438,"1"
30439,"1"
30440,"3"
30441,"2"
30442,"2"
30443,"3"
30444,"3"
30445,"3"
30446,"1"
30447,"1"
30448,"1"
30449,"2"
30450,"1"
30451,"3"
30452,"1"
30453,"3"
30454,"2"
30455,"1"
30456,"1"
30457,"3"
30458,"1"
30459,"3"
30460,"3"
30461,"2"
30462,"3"
30463,"1"
30464,"3"
30465,"3"
30466,"2"
30467,"3"
30468,"2"
30469,"1"
30470,"3"
30471,"1"
30472,"1"
30473,"3"
30474,"3"
30475,"2"
30476,"1"
30477,"2"
30478,"1"
30479,"1"
30480,"1"
30481,"1"
30482,"3"
30483,"3"
30484,"1"
30485,"3"
30486,"1"
30487,"3"
30488,"2"
30489,"2"
30490,"1"
30491,"1"
30492,"1"
30493,"3"
30494,"2"
30495,"2"
30496,"1"
30497,"3"
30498,"1"
30499,"2"
30500,"3"
30501,"3"
30502,"1"
30503,"2"
30504,"1"
30505,"1"
30506,"3"
30507,"3"
30508,"3"
30509,"1"
30510,"1"
30511,"3"
30512,"3"
30513,"3"
30514,"3"
30515,"3"
30516,"3"
30517,"1"
30518,"2"
30519,"2"
30520,"1"
30521,"3"
30522,"3"
30523,"2"
30524,"1"
30525,"1"
30526,"1"
30527,"1"
30528,"3"
30529,"2"
30530,"1"
30531,"1"
30532,"2"
30533,"3"
30534,"3"
30535,"2"
30536,"3"
30537,"3"
30538,"3"
30539,"3"
30540,"1"
30541,"3"
30542,"2"
30543,"1"
30544,"3"
30545,"3"
30546,"3"
30547,"1"
30548,"2"
30549,"3"
30550,"2"
30551,"2"
30552,"2"
30553,"3"
30554,"3"
30555,"3"
30556,"1"
30557,"3"
30558,"1"
30559,"1"
30560,"1"
30561,"3"
30562,"2"
30563,"2"
30564,"3"
30565,"1"
30566,"2"
30567,"3"
30568,"3"
30569,"2"
30570,"2"
30571,"1"
30572,"2"
30573,"2"
30574,"1"
30575,"3"
30576,"3"
30577,"1"
30578,"3"
30579,"1"
30580,"2"
30581,"1"
30582,"2"
30583,"1"
30584,"1"
30585,"2"
30586,"1"
30587,"3"
30588,"1"
30589,"3"
30590,"3"
30591,"1"
30592,"3"
30593,"1"
30594,"2"
30595,"1"
30596,"3"
30597,"2"
30598,"1"
30599,"3"
30600,"2"
30601,"2"
30602,"1"
30603,"3"
30604,"3"
30605,"2"
30606,"3"
30607,"3"
30608,"1"
30609,"1"
30610,"1"
30611,"2"
30612,"2"
30613,"2"
30614,"3"
30615,"2"
30616,"1"
30617,"3"
30618,"1"
30619,"1"
30620,"1"
30621,"3"
30622,"3"
30623,"1"
30624,"2"
30625,"2"
30626,"1"
30627,"1"
30628,"1"
30629,"3"
30630,"3"
30631,"1"
30632,"2"
30633,"1"
30634,"3"
30635,"1"
30636,"2"
30637,"2"
30638,"3"
30639,"2"
30640,"3"
30641,"3"
30642,"3"
30643,"3"
30644,"2"
30645,"1"
30646,"2"
30647,"1"
30648,"1"
30649,"3"
30650,"2"
30651,"2"
30652,"3"
30653,"1"
30654,"2"
30655,"1"
30656,"1"
30657,"1"
30658,"1"
30659,"1"
30660,"1"
30661,"2"
30662,"3"
30663,"2"
30664,"3"
30665,"1"
30666,"1"
30667,"2"
30668,"1"
30669,"1"
30670,"2"
30671,"1"
30672,"3"
30673,"3"
30674,"3"
30675,"3"
30676,"1"
30677,"2"
30678,"2"
30679,"1"
30680,"3"
30681,"1"
30682,"2"
30683,"2"
30684,"1"
30685,"1"
30686,"3"
30687,"3"
30688,"1"
30689,"1"
30690,"2"
30691,"3"
30692,"1"
30693,"1"
30694,"1"
30695,"3"
30696,"2"
30697,"3"
30698,"1"
30699,"3"
30700,"1"
30701,"3"
30702,"2"
30703,"2"
30704,"3"
30705,"1"
30706,"3"
30707,"1"
30708,"1"
30709,"3"
30710,"2"
30711,"3"
30712,"2"
30713,"1"
30714,"1"
30715,"2"
30716,"1"
30717,"1"
30718,"2"
30719,"3"
30720,"3"
30721,"1"
30722,"3"
30723,"3"
30724,"1"
30725,"1"
30726,"1"
30727,"2"
30728,"2"
30729,"1"
30730,"1"
30731,"1"
30732,"3"
30733,"1"
30734,"1"
30735,"2"
30736,"3"
30737,"1"
30738,"1"
30739,"2"
30740,"2"
30741,"3"
30742,"1"
30743,"2"
30744,"3"
30745,"2"
30746,"3"
30747,"2"
30748,"1"
30749,"3"
30750,"1"
30751,"3"
30752,"3"
30753,"1"
30754,"3"
30755,"1"
30756,"1"
30757,"3"
30758,"2"
30759,"3"
30760,"3"
30761,"2"
30762,"2"
30763,"1"
30764,"1"
30765,"2"
30766,"2"
30767,"3"
30768,"3"
30769,"1"
30770,"1"
30771,"3"
30772,"2"
30773,"1"
30774,"1"
30775,"3"
30776,"1"
30777,"2"
30778,"3"
30779,"3"
30780,"3"
30781,"1"
30782,"3"
30783,"1"
30784,"3"
30785,"1"
30786,"1"
30787,"2"
30788,"1"
30789,"1"
30790,"3"
30791,"3"
30792,"3"
30793,"3"
30794,"1"
30795,"2"
30796,"3"
30797,"3"
30798,"1"
30799,"1"
30800,"2"
30801,"3"
30802,"1"
30803,"3"
30804,"2"
30805,"1"
30806,"1"
30807,"2"
30808,"1"
30809,"2"
30810,"3"
30811,"1"
30812,"3"
30813,"1"
30814,"3"
30815,"3"
30816,"1"
30817,"2"
30818,"1"
30819,"1"
30820,"2"
30821,"2"
30822,"3"
30823,"3"
30824,"1"
30825,"3"
30826,"3"
30827,"3"
30828,"1"
30829,"3"
30830,"3"
30831,"1"
30832,"1"
30833,"2"
30834,"3"
30835,"3"
30836,"1"
30837,"2"
30838,"3"
30839,"1"
30840,"2"
30841,"3"
30842,"2"
30843,"1"
30844,"1"
30845,"1"
30846,"1"
30847,"1"
30848,"1"
30849,"1"
30850,"1"
30851,"3"
30852,"1"
30853,"2"
30854,"3"
30855,"2"
30856,"3"
30857,"1"
30858,"2"
30859,"2"
30860,"1"
30861,"3"
30862,"1"
30863,"3"
30864,"2"
30865,"3"
30866,"2"
30867,"2"
30868,"1"
30869,"1"
30870,"3"
30871,"2"
30872,"1"
30873,"1"
30874,"3"
30875,"3"
30876,"1"
30877,"1"
30878,"3"
30879,"2"
30880,"3"
30881,"2"
30882,"2"
30883,"3"
30884,"2"
30885,"1"
30886,"2"
30887,"2"
30888,"1"
30889,"2"
30890,"2"
30891,"2"
30892,"2"
30893,"3"
30894,"1"
30895,"1"
30896,"3"
30897,"1"
30898,"1"
30899,"1"
30900,"3"
30901,"2"
30902,"2"
30903,"3"
30904,"3"
30905,"2"
30906,"3"
30907,"3"
30908,"3"
30909,"1"
30910,"3"
30911,"1"
30912,"2"
30913,"3"
30914,"2"
30915,"3"
30916,"2"
30917,"3"
30918,"3"
30919,"2"
30920,"1"
30921,"1"
30922,"3"
30923,"1"
30924,"1"
30925,"3"
30926,"2"
30927,"3"
30928,"1"
30929,"1"
30930,"1"
30931,"2"
30932,"1"
30933,"1"
30934,"2"
30935,"3"
30936,"1"
30937,"1"
30938,"1"
30939,"3"
30940,"2"
30941,"2"
30942,"1"
30943,"1"
30944,"3"
30945,"1"
30946,"1"
30947,"3"
30948,"3"
30949,"1"
30950,"1"
30951,"1"
30952,"3"
30953,"1"
30954,"2"
30955,"2"
30956,"1"
30957,"1"
30958,"2"
30959,"1"
30960,"1"
30961,"1"
30962,"1"
30963,"3"
30964,"2"
30965,"2"
30966,"1"
30967,"1"
30968,"3"
30969,"2"
30970,"1"
30971,"1"
30972,"2"
30973,"1"
30974,"3"
30975,"2"
30976,"2"
30977,"1"
30978,"3"
30979,"1"
30980,"1"
30981,"3"
30982,"1"
30983,"2"
30984,"1"
30985,"3"
30986,"3"
30987,"3"
30988,"1"
30989,"3"
30990,"1"
30991,"3"
30992,"3"
30993,"2"
30994,"2"
30995,"3"
30996,"3"
30997,"1"
30998,"3"
30999,"3"
31000,"3"
31001,"2"
31002,"1"
31003,"2"
31004,"3"
31005,"1"
31006,"1"
31007,"3"
31008,"1"
31009,"1"
31010,"3"
31011,"1"
31012,"1"
31013,"2"
31014,"3"
31015,"1"
31016,"3"
31017,"2"
31018,"3"
31019,"2"
31020,"1"
31021,"2"
31022,"1"
31023,"1"
31024,"2"
31025,"3"
31026,"3"
31027,"1"
31028,"2"
31029,"3"
31030,"1"
31031,"2"
31032,"1"
31033,"3"
31034,"1"
31035,"1"
31036,"3"
31037,"1"
31038,"1"
31039,"1"
31040,"1"
31041,"3"
31042,"2"
31043,"2"
31044,"3"
31045,"1"
31046,"1"
31047,"1"
31048,"1"
31049,"2"
31050,"1"
31051,"3"
31052,"2"
31053,"3"
31054,"1"
31055,"1"
31056,"1"
31057,"3"
31058,"1"
31059,"1"
31060,"3"
31061,"3"
31062,"3"
31063,"3"
31064,"1"
31065,"3"
31066,"1"
31067,"1"
31068,"1"
31069,"3"
31070,"3"
31071,"1"
31072,"1"
31073,"2"
31074,"2"
31075,"2"
31076,"3"
31077,"2"
31078,"1"
31079,"2"
31080,"1"
31081,"2"
31082,"2"
31083,"3"
31084,"2"
31085,"3"
31086,"3"
31087,"2"
31088,"2"
31089,"1"
31090,"2"
31091,"1"
31092,"1"
31093,"3"
31094,"2"
31095,"2"
31096,"1"
31097,"3"
31098,"2"
31099,"3"
31100,"2"
31101,"3"
31102,"1"
31103,"2"
31104,"3"
31105,"3"
31106,"3"
31107,"1"
31108,"1"
31109,"3"
31110,"2"
31111,"3"
31112,"1"
31113,"3"
31114,"2"
31115,"2"
31116,"3"
31117,"3"
31118,"3"
31119,"2"
31120,"1"
31121,"2"
31122,"2"
31123,"2"
31124,"1"
31125,"3"
31126,"3"
31127,"1"
31128,"1"
31129,"1"
31130,"3"
31131,"2"
31132,"3"
31133,"3"
31134,"2"
31135,"1"
31136,"2"
31137,"1"
31138,"3"
31139,"3"
31140,"1"
31141,"1"
31142,"2"
31143,"3"
31144,"2"
31145,"2"
31146,"3"
31147,"2"
31148,"1"
31149,"1"
31150,"3"
31151,"2"
31152,"1"
31153,"1"
31154,"2"
31155,"3"
31156,"3"
31157,"1"
31158,"3"
31159,"3"
31160,"3"
31161,"3"
31162,"2"
31163,"1"
31164,"1"
31165,"2"
31166,"2"
31167,"1"
31168,"3"
31169,"1"
31170,"3"
31171,"3"
31172,"3"
31173,"3"
31174,"1"
31175,"1"
31176,"3"
31177,"1"
31178,"3"
31179,"3"
31180,"1"
31181,"1"
31182,"3"
31183,"1"
31184,"1"
31185,"2"
31186,"2"
31187,"2"
31188,"1"
31189,"1"
31190,"3"
31191,"2"
31192,"3"
31193,"3"
31194,"3"
31195,"2"
31196,"1"
31197,"3"
31198,"1"
31199,"3"
31200,"2"
31201,"3"
31202,"3"
31203,"3"
31204,"2"
31205,"1"
31206,"2"
31207,"3"
31208,"3"
31209,"1"
31210,"3"
31211,"3"
31212,"2"
31213,"3"
31214,"2"
31215,"2"
31216,"2"
31217,"3"
31218,"3"
31219,"1"
31220,"2"
31221,"1"
31222,"2"
31223,"2"
31224,"3"
31225,"2"
31226,"3"
31227,"1"
31228,"1"
31229,"3"
31230,"3"
31231,"1"
31232,"1"
31233,"1"
31234,"2"
31235,"3"
31236,"1"
31237,"1"
31238,"1"
31239,"3"
31240,"3"
31241,"2"
31242,"3"
31243,"3"
31244,"2"
31245,"3"
31246,"1"
31247,"2"
31248,"1"
31249,"3"
31250,"1"
31251,"3"
31252,"3"
31253,"1"
31254,"1"
31255,"1"
31256,"3"
31257,"2"
31258,"2"
31259,"1"
31260,"1"
31261,"2"
31262,"2"
31263,"2"
31264,"1"
31265,"1"
31266,"2"
31267,"3"
31268,"1"
31269,"2"
31270,"1"
31271,"3"
31272,"3"
31273,"2"
31274,"3"
31275,"1"
31276,"2"
31277,"2"
31278,"3"
31279,"3"
31280,"2"
31281,"1"
31282,"3"
31283,"1"
31284,"2"
31285,"1"
31286,"2"
31287,"1"
31288,"2"
31289,"1"
31290,"2"
31291,"2"
31292,"1"
31293,"1"
31294,"1"
31295,"1"
31296,"1"
31297,"3"
31298,"3"
31299,"2"
31300,"2"
31301,"1"
31302,"3"
31303,"3"
31304,"3"
31305,"3"
31306,"3"
31307,"1"
31308,"3"
31309,"1"
31310,"3"
31311,"1"
31312,"3"
31313,"2"
31314,"3"
31315,"3"
31316,"2"
31317,"3"
31318,"3"
31319,"3"
31320,"3"
31321,"3"
31322,"3"
31323,"1"
31324,"3"
31325,"2"
31326,"2"
31327,"3"
31328,"2"
31329,"1"
31330,"3"
31331,"3"
31332,"3"
31333,"1"
31334,"3"
31335,"1"
31336,"3"
31337,"1"
31338,"3"
31339,"1"
31340,"3"
31341,"1"
31342,"2"
31343,"2"
31344,"3"
31345,"2"
31346,"1"
31347,"2"
31348,"1"
31349,"1"
31350,"3"
31351,"1"
31352,"2"
31353,"3"
31354,"1"
31355,"2"
31356,"2"
31357,"1"
31358,"3"
31359,"3"
31360,"2"
31361,"1"
31362,"1"
31363,"3"
31364,"3"
31365,"1"
31366,"1"
31367,"3"
31368,"2"
31369,"1"
31370,"1"
31371,"1"
31372,"2"
31373,"2"
31374,"1"
31375,"1"
31376,"1"
31377,"2"
31378,"1"
31379,"2"
31380,"3"
31381,"1"
31382,"1"
31383,"3"
31384,"2"
31385,"2"
31386,"2"
31387,"1"
31388,"1"
31389,"2"
31390,"1"
31391,"2"
31392,"2"
31393,"2"
31394,"1"
31395,"1"
31396,"1"
31397,"3"
31398,"2"
31399,"3"
31400,"3"
31401,"3"
31402,"2"
31403,"3"
31404,"2"
31405,"3"
31406,"1"
31407,"3"
31408,"1"
31409,"1"
31410,"3"
31411,"3"
31412,"3"
31413,"1"
31414,"2"
31415,"3"
31416,"2"
31417,"2"
31418,"2"
31419,"2"
31420,"2"
31421,"3"
31422,"1"
31423,"3"
31424,"3"
31425,"2"
31426,"3"
31427,"3"
31428,"2"
31429,"1"
31430,"3"
31431,"3"
31432,"3"
31433,"2"
31434,"1"
31435,"2"
31436,"1"
31437,"1"
31438,"3"
31439,"2"
31440,"3"
31441,"1"
31442,"2"
31443,"2"
31444,"1"
31445,"3"
31446,"3"
31447,"1"
31448,"3"
31449,"1"
31450,"3"
31451,"2"
31452,"3"
31453,"1"
31454,"1"
31455,"1"
31456,"3"
31457,"3"
31458,"3"
31459,"3"
31460,"3"
31461,"1"
31462,"2"
31463,"3"
31464,"3"
31465,"2"
31466,"1"
31467,"1"
31468,"2"
31469,"2"
31470,"3"
31471,"2"
31472,"3"
31473,"1"
31474,"1"
31475,"1"
31476,"2"
31477,"2"
31478,"2"
31479,"3"
31480,"2"
31481,"3"
31482,"3"
31483,"3"
31484,"3"
31485,"1"
31486,"2"
31487,"2"
31488,"2"
31489,"1"
31490,"3"
31491,"1"
31492,"3"
31493,"3"
31494,"1"
31495,"2"
31496,"3"
31497,"1"
31498,"2"
31499,"2"
31500,"2"
31501,"2"
31502,"1"
31503,"2"
31504,"3"
31505,"3"
31506,"1"
31507,"2"
31508,"3"
31509,"3"
31510,"1"
31511,"1"
31512,"3"
31513,"3"
31514,"3"
31515,"2"
31516,"3"
31517,"3"
31518,"1"
31519,"2"
31520,"3"
31521,"1"
31522,"3"
31523,"1"
31524,"2"
31525,"2"
31526,"3"
31527,"1"
31528,"3"
31529,"2"
31530,"2"
31531,"3"
31532,"2"
31533,"1"
31534,"3"
31535,"1"
31536,"3"
31537,"1"
31538,"2"
31539,"1"
31540,"2"
31541,"2"
31542,"3"
31543,"1"
31544,"3"
31545,"1"
31546,"1"
31547,"2"
31548,"2"
31549,"1"
31550,"1"
31551,"2"
31552,"2"
31553,"1"
31554,"3"
31555,"3"
31556,"3"
31557,"3"
31558,"1"
31559,"1"
31560,"2"
31561,"2"
31562,"3"
31563,"3"
31564,"2"
31565,"2"
31566,"2"
31567,"1"
31568,"1"
31569,"1"
31570,"3"
31571,"3"
31572,"1"
31573,"3"
31574,"1"
31575,"2"
31576,"3"
31577,"2"
31578,"2"
31579,"3"
31580,"1"
31581,"1"
31582,"2"
31583,"1"
31584,"2"
31585,"1"
31586,"3"
31587,"1"
31588,"1"
31589,"2"
31590,"1"
31591,"1"
31592,"3"
31593,"2"
31594,"1"
31595,"2"
31596,"3"
31597,"1"
31598,"3"
31599,"2"
31600,"3"
31601,"1"
31602,"2"
31603,"3"
31604,"2"
31605,"1"
31606,"3"
31607,"1"
31608,"1"
31609,"1"
31610,"1"
31611,"2"
31612,"1"
31613,"3"
31614,"3"
31615,"2"
31616,"3"
31617,"3"
31618,"2"
31619,"2"
31620,"3"
31621,"3"
31622,"1"
31623,"2"
31624,"3"
31625,"3"
31626,"2"
31627,"1"
31628,"3"
31629,"2"
31630,"1"
31631,"3"
31632,"1"
31633,"2"
31634,"1"
31635,"3"
31636,"2"
31637,"3"
31638,"3"
31639,"3"
31640,"3"
31641,"3"
31642,"3"
31643,"2"
31644,"1"
31645,"3"
31646,"1"
31647,"2"
31648,"1"
31649,"2"
31650,"3"
31651,"1"
31652,"3"
31653,"1"
31654,"2"
31655,"1"
31656,"3"
31657,"3"
31658,"2"
31659,"3"
31660,"1"
31661,"3"
31662,"3"
31663,"3"
31664,"3"
31665,"3"
31666,"2"
31667,"1"
31668,"1"
31669,"1"
31670,"2"
31671,"3"
31672,"1"
31673,"2"
31674,"1"
31675,"2"
31676,"1"
31677,"1"
31678,"1"
31679,"1"
31680,"3"
31681,"3"
31682,"1"
31683,"3"
31684,"1"
31685,"1"
31686,"2"
31687,"3"
31688,"3"
31689,"2"
31690,"1"
31691,"3"
31692,"3"
31693,"3"
31694,"3"
31695,"3"
31696,"1"
31697,"1"
31698,"1"
31699,"1"
31700,"3"
31701,"1"
31702,"1"
31703,"1"
31704,"1"
31705,"2"
31706,"3"
31707,"1"
31708,"1"
31709,"1"
31710,"3"
31711,"3"
31712,"2"
31713,"2"
31714,"3"
31715,"2"
31716,"3"
31717,"2"
31718,"1"
31719,"3"
31720,"1"
31721,"1"
31722,"1"
31723,"1"
31724,"1"
31725,"1"
31726,"3"
31727,"1"
31728,"1"
31729,"3"
31730,"3"
31731,"1"
31732,"1"
31733,"1"
31734,"1"
31735,"3"
31736,"1"
31737,"3"
31738,"3"
31739,"3"
31740,"1"
31741,"3"
31742,"3"
31743,"1"
31744,"3"
31745,"1"
31746,"3"
31747,"1"
31748,"3"
31749,"1"
31750,"1"
31751,"3"
31752,"1"
31753,"1"
31754,"1"
31755,"3"
31756,"3"
31757,"1"
31758,"3"
31759,"3"
31760,"1"
31761,"1"
31762,"1"
31763,"1"
31764,"1"
31765,"2"
31766,"1"
31767,"1"
31768,"1"
31769,"2"
31770,"3"
31771,"3"
31772,"2"
31773,"2"
31774,"3"
31775,"3"
31776,"1"
31777,"1"
31778,"2"
31779,"1"
31780,"2"
31781,"1"
31782,"2"
31783,"2"
31784,"2"
31785,"1"
31786,"1"
31787,"1"
31788,"1"
31789,"1"
31790,"3"
31791,"2"
31792,"3"
31793,"1"
31794,"1"
31795,"3"
31796,"3"
31797,"1"
31798,"1"
31799,"2"
31800,"1"
31801,"1"
31802,"2"
31803,"1"
31804,"1"
31805,"2"
31806,"3"
31807,"1"
31808,"1"
31809,"3"
31810,"3"
31811,"1"
31812,"2"
31813,"1"
31814,"1"
31815,"3"
31816,"3"
31817,"1"
31818,"1"
31819,"2"
31820,"3"
31821,"1"
31822,"3"
31823,"3"
31824,"1"
31825,"1"
31826,"1"
31827,"2"
31828,"3"
31829,"2"
31830,"1"
31831,"3"
31832,"2"
31833,"3"
31834,"2"
31835,"1"
31836,"2"
31837,"3"
31838,"3"
31839,"3"
31840,"2"
31841,"2"
31842,"1"
31843,"1"
31844,"3"
31845,"1"
31846,"3"
31847,"3"
31848,"3"
31849,"1"
31850,"3"
31851,"3"
31852,"2"
31853,"2"
31854,"3"
31855,"2"
31856,"1"
31857,"2"
31858,"2"
31859,"2"
31860,"3"
31861,"1"
31862,"1"
31863,"3"
31864,"1"
31865,"3"
31866,"2"
31867,"2"
31868,"3"
31869,"2"
31870,"3"
31871,"2"
31872,"1"
31873,"3"
31874,"1"
31875,"3"
31876,"1"
31877,"1"
31878,"3"
31879,"1"
31880,"1"
31881,"2"
31882,"3"
31883,"2"
31884,"2"
31885,"1"
31886,"1"
31887,"3"
31888,"1"
31889,"3"
31890,"1"
31891,"1"
31892,"3"
31893,"3"
31894,"1"
31895,"2"
31896,"3"
31897,"1"
31898,"3"
31899,"1"
31900,"3"
31901,"1"
31902,"1"
31903,"2"
31904,"1"
31905,"2"
31906,"3"
31907,"2"
31908,"3"
31909,"3"
31910,"1"
31911,"2"
31912,"1"
31913,"2"
31914,"2"
31915,"3"
31916,"3"
31917,"1"
31918,"1"
31919,"2"
31920,"2"
31921,"2"
31922,"2"
31923,"3"
31924,"3"
31925,"1"
31926,"1"
31927,"1"
31928,"2"
31929,"1"
31930,"3"
31931,"1"
31932,"1"
31933,"1"
31934,"1"
31935,"1"
31936,"1"
31937,"3"
31938,"3"
31939,"1"
31940,"2"
31941,"1"
31942,"1"
31943,"1"
31944,"2"
31945,"1"
31946,"3"
31947,"1"
31948,"1"
31949,"1"
31950,"2"
31951,"1"
31952,"3"
31953,"2"
31954,"2"
31955,"1"
31956,"2"
31957,"3"
31958,"1"
31959,"3"
31960,"3"
31961,"1"
31962,"3"
31963,"3"
31964,"2"
31965,"3"
31966,"1"
31967,"3"
31968,"3"
31969,"2"
31970,"1"
31971,"1"
31972,"1"
31973,"3"
31974,"1"
31975,"3"
31976,"3"
31977,"1"
31978,"1"
31979,"2"
31980,"3"
31981,"3"
31982,"3"
31983,"1"
31984,"3"
31985,"2"
31986,"1"
31987,"3"
31988,"1"
31989,"3"
31990,"2"
31991,"3"
31992,"1"
31993,"3"
31994,"1"
31995,"3"
31996,"2"
31997,"3"
31998,"2"
31999,"3"
32000,"1"
32001,"1"
32002,"3"
32003,"1"
32004,"2"
32005,"2"
32006,"1"
32007,"1"
32008,"1"
32009,"1"
32010,"2"
32011,"3"
32012,"1"
32013,"1"
32014,"1"
32015,"2"
32016,"1"
32017,"2"
32018,"3"
32019,"2"
32020,"3"
32021,"1"
32022,"2"
32023,"1"
32024,"1"
32025,"3"
32026,"3"
32027,"3"
32028,"2"
32029,"2"
32030,"3"
32031,"3"
32032,"3"
32033,"1"
32034,"2"
32035,"2"
32036,"3"
32037,"3"
32038,"3"
32039,"2"
32040,"1"
32041,"2"
32042,"3"
32043,"1"
32044,"1"
32045,"3"
32046,"1"
32047,"3"
32048,"3"
32049,"1"
32050,"3"
32051,"1"
32052,"3"
32053,"3"
32054,"1"
32055,"3"
32056,"2"
32057,"2"
32058,"3"
32059,"1"
32060,"2"
32061,"3"
32062,"3"
32063,"3"
32064,"2"
32065,"2"
32066,"2"
32067,"2"
32068,"3"
32069,"1"
32070,"1"
32071,"1"
32072,"2"
32073,"1"
32074,"3"
32075,"1"
32076,"3"
32077,"3"
32078,"2"
32079,"2"
32080,"3"
32081,"1"
32082,"2"
32083,"3"
32084,"3"
32085,"2"
32086,"2"
32087,"2"
32088,"2"
32089,"1"
32090,"3"
32091,"3"
32092,"3"
32093,"3"
32094,"2"
32095,"3"
32096,"3"
32097,"1"
32098,"2"
32099,"2"
32100,"3"
32101,"3"
32102,"1"
32103,"1"
32104,"1"
32105,"2"
32106,"2"
32107,"3"
32108,"3"
32109,"1"
32110,"2"
32111,"3"
32112,"3"
32113,"2"
32114,"2"
32115,"3"
32116,"1"
32117,"1"
32118,"3"
32119,"2"
32120,"2"
32121,"3"
32122,"2"
32123,"1"
32124,"1"
32125,"3"
32126,"3"
32127,"1"
32128,"2"
32129,"2"
32130,"3"
32131,"1"
32132,"3"
32133,"3"
32134,"1"
32135,"3"
32136,"2"
32137,"1"
32138,"3"
32139,"3"
32140,"2"
32141,"2"
32142,"1"
32143,"1"
32144,"1"
32145,"3"
32146,"2"
32147,"3"
32148,"1"
32149,"1"
32150,"3"
32151,"2"
32152,"1"
32153,"3"
32154,"2"
32155,"3"
32156,"2"
32157,"1"
32158,"3"
32159,"3"
32160,"1"
32161,"3"
32162,"3"
32163,"2"
32164,"2"
32165,"3"
32166,"3"
32167,"1"
32168,"3"
32169,"2"
32170,"3"
32171,"3"
32172,"3"
32173,"1"
32174,"3"
32175,"1"
32176,"2"
32177,"1"
32178,"1"
32179,"2"
32180,"2"
32181,"2"
32182,"1"
32183,"2"
32184,"2"
32185,"2"
32186,"1"
32187,"2"
32188,"3"
32189,"3"
32190,"1"
32191,"1"
32192,"1"
32193,"1"
32194,"3"
32195,"3"
32196,"3"
32197,"1"
32198,"1"
32199,"3"
32200,"3"
32201,"1"
32202,"3"
32203,"3"
32204,"1"
32205,"3"
32206,"3"
32207,"1"
32208,"3"
32209,"3"
32210,"2"
32211,"3"
32212,"1"
32213,"1"
32214,"1"
32215,"1"
32216,"2"
32217,"3"
32218,"1"
32219,"3"
32220,"1"
32221,"2"
32222,"1"
32223,"2"
32224,"2"
32225,"1"
32226,"3"
32227,"2"
32228,"1"
32229,"1"
32230,"2"
32231,"2"
32232,"1"
32233,"3"
32234,"2"
32235,"1"
32236,"3"
32237,"1"
32238,"1"
32239,"1"
32240,"2"
32241,"3"
32242,"3"
32243,"3"
32244,"2"
32245,"1"
32246,"1"
32247,"2"
32248,"1"
32249,"1"
32250,"1"
32251,"1"
32252,"1"
32253,"2"
32254,"3"
32255,"3"
32256,"3"
32257,"3"
32258,"3"
32259,"2"
32260,"1"
32261,"3"
32262,"2"
32263,"3"
32264,"1"
32265,"1"
32266,"3"
32267,"2"
32268,"1"
32269,"2"
32270,"3"
32271,"3"
32272,"3"
32273,"1"
32274,"1"
32275,"1"
32276,"3"
32277,"2"
32278,"1"
32279,"2"
32280,"3"
32281,"2"
32282,"1"
32283,"3"
32284,"1"
32285,"3"
32286,"2"
32287,"1"
32288,"3"
32289,"2"
32290,"3"
32291,"3"
32292,"2"
32293,"3"
32294,"2"
32295,"1"
32296,"3"
32297,"1"
32298,"2"
32299,"2"
32300,"3"
32301,"2"
32302,"2"
32303,"2"
32304,"3"
32305,"2"
32306,"2"
32307,"3"
32308,"3"
32309,"3"
32310,"1"
32311,"1"
32312,"3"
32313,"3"
32314,"1"
32315,"2"
32316,"3"
32317,"1"
32318,"1"
32319,"1"
32320,"1"
32321,"3"
32322,"1"
32323,"2"
32324,"2"
32325,"3"
32326,"2"
32327,"1"
32328,"1"
32329,"2"
32330,"2"
32331,"3"
32332,"1"
32333,"3"
32334,"3"
32335,"1"
32336,"3"
32337,"2"
32338,"1"
32339,"1"
32340,"3"
32341,"3"
32342,"1"
32343,"1"
32344,"3"
32345,"1"
32346,"3"
32347,"3"
32348,"1"
32349,"1"
32350,"1"
32351,"3"
32352,"1"
32353,"2"
32354,"1"
32355,"2"
32356,"1"
32357,"2"
32358,"1"
32359,"2"
32360,"2"
32361,"1"
32362,"3"
32363,"1"
32364,"3"
32365,"1"
32366,"1"
32367,"2"
32368,"1"
32369,"3"
32370,"1"
32371,"2"
32372,"3"
32373,"3"
32374,"2"
32375,"3"
32376,"2"
32377,"1"
32378,"2"
32379,"2"
32380,"1"
32381,"2"
32382,"1"
32383,"3"
32384,"3"
32385,"1"
32386,"2"
32387,"1"
32388,"2"
32389,"1"
32390,"3"
32391,"3"
32392,"3"
32393,"3"
32394,"2"
32395,"3"
32396,"1"
32397,"1"
32398,"1"
32399,"1"
32400,"1"
32401,"3"
32402,"1"
32403,"2"
32404,"3"
32405,"3"
32406,"2"
32407,"2"
32408,"1"
32409,"2"
32410,"2"
32411,"1"
32412,"2"
32413,"2"
32414,"1"
32415,"3"
32416,"2"
32417,"2"
32418,"1"
32419,"3"
32420,"1"
32421,"3"
32422,"3"
32423,"1"
32424,"1"
32425,"3"
32426,"3"
32427,"1"
32428,"3"
32429,"1"
32430,"2"
32431,"1"
32432,"2"
32433,"2"
32434,"3"
32435,"2"
32436,"3"
32437,"2"
32438,"1"
32439,"1"
32440,"1"
32441,"3"
32442,"2"
32443,"1"
32444,"2"
32445,"1"
32446,"2"
32447,"2"
32448,"2"
32449,"2"
32450,"1"
32451,"3"
32452,"1"
32453,"3"
32454,"2"
32455,"1"
32456,"1"
32457,"1"
32458,"3"
32459,"2"
32460,"1"
32461,"2"
32462,"2"
32463,"2"
32464,"3"
32465,"2"
32466,"3"
32467,"3"
32468,"3"
32469,"1"
32470,"3"
32471,"2"
32472,"2"
32473,"3"
32474,"1"
32475,"2"
32476,"2"
32477,"3"
32478,"3"
32479,"3"
32480,"2"
32481,"1"
32482,"1"
32483,"1"
32484,"1"
32485,"3"
32486,"3"
32487,"1"
32488,"1"
32489,"3"
32490,"3"
32491,"1"
32492,"1"
32493,"3"
32494,"3"
32495,"3"
32496,"1"
32497,"2"
32498,"2"
32499,"3"
32500,"1"
32501,"2"
32502,"3"
32503,"3"
32504,"3"
32505,"2"
32506,"1"
32507,"1"
32508,"3"
32509,"2"
32510,"3"
32511,"1"
32512,"1"
32513,"3"
32514,"1"
32515,"2"
32516,"3"
32517,"1"
32518,"3"
32519,"3"
32520,"1"
32521,"2"
32522,"1"
32523,"3"
32524,"3"
32525,"1"
32526,"2"
32527,"3"
32528,"3"
32529,"3"
32530,"3"
32531,"3"
32532,"3"
32533,"3"
32534,"1"
32535,"1"
32536,"1"
32537,"3"
32538,"3"
32539,"1"
32540,"3"
32541,"1"
32542,"3"
32543,"1"
32544,"1"
32545,"1"
32546,"2"
32547,"3"
32548,"1"
32549,"3"
32550,"1"
32551,"3"
32552,"1"
32553,"2"
32554,"2"
32555,"3"
32556,"2"
32557,"2"
32558,"3"
32559,"2"
32560,"1"
32561,"1"
32562,"1"
32563,"2"
32564,"2"
32565,"1"
32566,"2"
32567,"3"
32568,"1"
32569,"1"
32570,"1"
32571,"2"
32572,"1"
32573,"2"
32574,"2"
32575,"3"
32576,"1"
32577,"1"
32578,"1"
32579,"1"
32580,"3"
32581,"1"
32582,"3"
32583,"3"
32584,"3"
32585,"3"
32586,"3"
32587,"1"
32588,"2"
32589,"3"
32590,"1"
32591,"3"
32592,"3"
32593,"1"
32594,"3"
32595,"2"
32596,"1"
32597,"1"
32598,"3"
32599,"1"
32600,"3"
32601,"3"
32602,"2"
32603,"3"
32604,"1"
32605,"1"
32606,"1"
32607,"3"
32608,"3"
32609,"2"
32610,"3"
32611,"3"
32612,"2"
32613,"3"
32614,"2"
32615,"1"
32616,"2"
32617,"2"
32618,"1"
32619,"1"
32620,"2"
32621,"1"
32622,"1"
32623,"3"
32624,"2"
32625,"1"
32626,"2"
32627,"1"
32628,"3"
32629,"3"
32630,"1"
32631,"2"
32632,"1"
32633,"2"
32634,"3"
32635,"3"
32636,"2"
32637,"2"
32638,"1"
32639,"2"
32640,"2"
32641,"1"
32642,"1"
32643,"3"
32644,"3"
32645,"3"
32646,"2"
32647,"1"
32648,"1"
32649,"2"
32650,"1"
32651,"3"
32652,"1"
32653,"2"
32654,"2"
32655,"1"
32656,"3"
32657,"1"
32658,"3"
32659,"1"
32660,"1"
32661,"2"
32662,"3"
32663,"3"
32664,"1"
32665,"1"
32666,"2"
32667,"3"
32668,"3"
32669,"2"
32670,"2"
32671,"1"
32672,"3"
32673,"2"
32674,"2"
32675,"2"
32676,"2"
32677,"2"
32678,"2"
32679,"2"
32680,"2"
32681,"3"
32682,"3"
32683,"3"
32684,"1"
32685,"2"
32686,"2"
32687,"2"
32688,"3"
32689,"1"
32690,"1"
32691,"1"
32692,"3"
32693,"1"
32694,"1"
32695,"2"
32696,"2"
32697,"3"
32698,"1"
32699,"3"
32700,"3"
32701,"1"
32702,"1"
32703,"1"
32704,"2"
32705,"1"
32706,"2"
32707,"1"
32708,"2"
32709,"1"
32710,"1"
32711,"3"
32712,"1"
32713,"2"
32714,"2"
32715,"3"
32716,"1"
32717,"2"
32718,"1"
32719,"2"
32720,"1"
32721,"2"
32722,"2"
32723,"2"
32724,"1"
32725,"1"
32726,"1"
32727,"3"
32728,"3"
32729,"1"
32730,"2"
32731,"1"
32732,"3"
32733,"2"
32734,"1"
32735,"2"
32736,"1"
32737,"3"
32738,"2"
32739,"3"
32740,"3"
32741,"1"
32742,"2"
32743,"1"
32744,"3"
32745,"1"
32746,"3"
32747,"1"
32748,"3"
32749,"1"
32750,"3"
32751,"1"
32752,"1"
32753,"1"
32754,"1"
32755,"1"
32756,"1"
32757,"1"
32758,"3"
32759,"3"
32760,"1"
32761,"1"
32762,"2"
32763,"1"
32764,"3"
32765,"1"
32766,"1"
32767,"2"
32768,"1"
32769,"3"
32770,"2"
32771,"3"
32772,"3"
32773,"3"
32774,"3"
32775,"3"
32776,"2"
32777,"1"
32778,"2"
32779,"3"
32780,"1"
32781,"3"
32782,"3"
32783,"3"
32784,"1"
32785,"1"
32786,"3"
32787,"1"
32788,"3"
32789,"2"
32790,"3"
32791,"3"
32792,"1"
32793,"2"
32794,"3"
32795,"2"
32796,"1"
32797,"1"
32798,"1"
32799,"1"
32800,"3"
32801,"1"
32802,"1"
32803,"3"
32804,"3"
32805,"3"
32806,"1"
32807,"1"
32808,"3"
32809,"3"
32810,"1"
32811,"1"
32812,"2"
32813,"2"
32814,"1"
32815,"1"
32816,"1"
32817,"3"
32818,"1"
32819,"2"
32820,"1"
32821,"2"
32822,"1"
32823,"1"
32824,"1"
32825,"1"
32826,"2"
32827,"1"
32828,"1"
32829,"1"
32830,"3"
32831,"1"
32832,"1"
32833,"1"
32834,"3"
32835,"3"
32836,"1"
32837,"1"
32838,"1"
32839,"3"
32840,"1"
32841,"3"
32842,"3"
32843,"3"
32844,"3"
32845,"2"
32846,"3"
32847,"3"
32848,"1"
32849,"1"
32850,"3"
32851,"1"
32852,"1"
32853,"1"
32854,"1"
32855,"1"
32856,"3"
32857,"3"
32858,"1"
32859,"3"
32860,"3"
32861,"1"
32862,"2"
32863,"2"
32864,"3"
32865,"1"
32866,"1"
32867,"3"
32868,"3"
32869,"3"
32870,"2"
32871,"3"
32872,"3"
32873,"1"
32874,"2"
32875,"3"
32876,"3"
32877,"1"
32878,"2"
32879,"3"
32880,"2"
32881,"2"
32882,"3"
32883,"1"
32884,"3"
32885,"1"
32886,"3"
32887,"3"
32888,"3"
32889,"3"
32890,"1"
32891,"1"
32892,"1"
32893,"1"
32894,"2"
32895,"3"
32896,"3"
32897,"3"
32898,"3"
32899,"1"
32900,"3"
32901,"2"
32902,"2"
32903,"3"
32904,"3"
32905,"3"
32906,"1"
32907,"1"
32908,"1"
32909,"2"
32910,"1"
32911,"1"
32912,"2"
32913,"1"
32914,"3"
32915,"3"
32916,"2"
32917,"1"
32918,"1"
32919,"3"
32920,"3"
32921,"1"
32922,"1"
32923,"2"
32924,"1"
32925,"1"
32926,"3"
32927,"2"
32928,"2"
32929,"2"
32930,"3"
32931,"3"
32932,"1"
32933,"2"
32934,"3"
32935,"3"
32936,"3"
32937,"2"
32938,"3"
32939,"1"
32940,"3"
32941,"3"
32942,"3"
32943,"1"
32944,"3"
32945,"1"
32946,"1"
32947,"3"
32948,"3"
32949,"1"
32950,"1"
32951,"3"
32952,"2"
32953,"1"
32954,"1"
32955,"1"
32956,"1"
32957,"1"
32958,"2"
32959,"1"
32960,"2"
32961,"1"
32962,"2"
32963,"3"
32964,"3"
32965,"2"
32966,"2"
32967,"1"
32968,"2"
32969,"3"
32970,"1"
32971,"1"
32972,"3"
32973,"1"
32974,"2"
32975,"3"
32976,"1"
32977,"2"
32978,"2"
32979,"1"
32980,"2"
32981,"2"
32982,"3"
32983,"1"
32984,"2"
32985,"3"
32986,"2"
32987,"1"
32988,"3"
32989,"1"
32990,"2"
32991,"3"
32992,"1"
32993,"2"
32994,"3"
32995,"2"
32996,"1"
32997,"3"
32998,"1"
32999,"1"
33000,"1"
33001,"1"
33002,"3"
33003,"1"
33004,"1"
33005,"3"
33006,"3"
33007,"1"
33008,"1"
33009,"3"
33010,"1"
33011,"2"
33012,"2"
33013,"3"
33014,"2"
33015,"3"
33016,"3"
33017,"3"
33018,"3"
33019,"1"
33020,"3"
33021,"1"
33022,"1"
33023,"1"
33024,"3"
33025,"1"
33026,"1"
33027,"1"
33028,"1"
33029,"3"
33030,"1"
33031,"2"
33032,"1"
33033,"2"
33034,"1"
33035,"1"
33036,"3"
33037,"2"
33038,"3"
33039,"2"
33040,"3"
33041,"3"
33042,"1"
33043,"1"
33044,"2"
33045,"3"
33046,"2"
33047,"2"
33048,"2"
33049,"1"
33050,"3"
33051,"1"
33052,"3"
33053,"3"
33054,"3"
33055,"2"
33056,"1"
33057,"3"
33058,"3"
33059,"1"
33060,"2"
33061,"1"
33062,"3"
33063,"2"
33064,"1"
33065,"2"
33066,"3"
33067,"3"
33068,"1"
33069,"3"
33070,"2"
33071,"1"
33072,"3"
33073,"1"
33074,"1"
33075,"2"
33076,"3"
33077,"2"
33078,"2"
33079,"1"
33080,"1"
33081,"2"
33082,"3"
33083,"3"
33084,"1"
33085,"3"
33086,"2"
33087,"1"
33088,"1"
33089,"2"
33090,"1"
33091,"3"
33092,"2"
33093,"3"
33094,"3"
33095,"3"
33096,"3"
33097,"2"
33098,"2"
33099,"2"
33100,"2"
33101,"3"
33102,"3"
33103,"3"
33104,"2"
33105,"1"
33106,"1"
33107,"2"
33108,"1"
33109,"3"
33110,"1"
33111,"1"
33112,"3"
33113,"1"
33114,"1"
33115,"3"
33116,"2"
33117,"3"
33118,"2"
33119,"3"
33120,"1"
33121,"3"
33122,"2"
33123,"3"
33124,"1"
33125,"1"
33126,"2"
33127,"1"
33128,"3"
33129,"1"
33130,"3"
33131,"1"
33132,"1"
33133,"3"
33134,"1"
33135,"2"
33136,"2"
33137,"3"
33138,"3"
33139,"1"
33140,"1"
33141,"3"
33142,"1"
33143,"1"
33144,"3"
33145,"1"
33146,"2"
33147,"1"
33148,"3"
33149,"3"
33150,"1"
33151,"2"
33152,"1"
33153,"2"
33154,"3"
33155,"1"
33156,"1"
33157,"1"
33158,"3"
33159,"3"
33160,"1"
33161,"1"
33162,"3"
33163,"1"
33164,"1"
33165,"3"
33166,"2"
33167,"3"
33168,"3"
33169,"1"
33170,"3"
33171,"3"
33172,"2"
33173,"1"
33174,"2"
33175,"3"
33176,"3"
33177,"3"
33178,"3"
33179,"2"
33180,"3"
33181,"2"
33182,"1"
33183,"2"
33184,"2"
33185,"3"
33186,"3"
33187,"1"
33188,"2"
33189,"1"
33190,"2"
33191,"3"
33192,"3"
33193,"3"
33194,"2"
33195,"3"
33196,"1"
33197,"3"
33198,"1"
33199,"2"
33200,"3"
33201,"3"
33202,"3"
33203,"2"
33204,"3"
33205,"2"
33206,"1"
33207,"2"
33208,"1"
33209,"3"
33210,"1"
33211,"1"
33212,"1"
33213,"3"
33214,"3"
33215,"1"
33216,"1"
33217,"1"
33218,"2"
33219,"1"
33220,"3"
33221,"1"
33222,"3"
33223,"3"
33224,"1"
33225,"3"
33226,"3"
33227,"1"
33228,"2"
33229,"1"
33230,"1"
33231,"2"
33232,"3"
33233,"1"
33234,"1"
33235,"3"
33236,"1"
33237,"3"
33238,"3"
33239,"2"
33240,"3"
33241,"1"
33242,"2"
33243,"1"
33244,"3"
33245,"2"
33246,"2"
33247,"1"
33248,"2"
33249,"1"
33250,"3"
33251,"3"
33252,"2"
33253,"2"
33254,"1"
33255,"2"
33256,"2"
33257,"1"
33258,"1"
33259,"2"
33260,"1"
33261,"2"
33262,"2"
33263,"1"
33264,"2"
33265,"2"
33266,"1"
33267,"2"
33268,"1"
33269,"2"
33270,"3"
33271,"1"
33272,"3"
33273,"3"
33274,"3"
33275,"3"
33276,"3"
33277,"3"
33278,"3"
33279,"1"
33280,"2"
33281,"3"
33282,"1"
33283,"2"
33284,"3"
33285,"1"
33286,"1"
33287,"2"
33288,"3"
33289,"3"
33290,"2"
33291,"3"
33292,"3"
33293,"2"
33294,"1"
33295,"3"
33296,"3"
33297,"2"
33298,"1"
33299,"3"
33300,"3"
33301,"3"
33302,"2"
33303,"1"
33304,"2"
33305,"2"
33306,"3"
33307,"2"
33308,"3"
33309,"3"
33310,"1"
33311,"1"
33312,"2"
33313,"2"
33314,"2"
33315,"3"
33316,"2"
33317,"2"
33318,"1"
33319,"1"
33320,"2"
33321,"3"
33322,"1"
33323,"2"
33324,"3"
33325,"3"
33326,"1"
33327,"2"
33328,"1"
33329,"1"
33330,"2"
33331,"3"
33332,"1"
33333,"2"
33334,"1"
33335,"1"
33336,"2"
33337,"1"
33338,"1"
33339,"3"
33340,"1"
33341,"3"
33342,"3"
33343,"1"
33344,"3"
33345,"1"
33346,"1"
33347,"1"
33348,"1"
33349,"3"
33350,"2"
33351,"3"
33352,"1"
33353,"3"
33354,"2"
33355,"1"
33356,"1"
33357,"2"
33358,"1"
33359,"2"
33360,"1"
33361,"3"
33362,"3"
33363,"1"
33364,"1"
33365,"1"
33366,"1"
33367,"2"
33368,"3"
33369,"1"
33370,"1"
33371,"1"
33372,"1"
33373,"1"
33374,"3"
33375,"2"
33376,"3"
33377,"2"
33378,"2"
33379,"1"
33380,"2"
33381,"1"
33382,"3"
33383,"3"
33384,"1"
33385,"3"
33386,"1"
33387,"1"
33388,"1"
33389,"3"
33390,"3"
33391,"2"
33392,"3"
33393,"2"
33394,"2"
33395,"2"
33396,"1"
33397,"1"
33398,"2"
33399,"3"
33400,"2"
33401,"3"
33402,"2"
33403,"2"
33404,"2"
33405,"2"
33406,"2"
33407,"3"
33408,"2"
33409,"1"
33410,"2"
33411,"1"
33412,"3"
33413,"1"
33414,"1"
33415,"3"
33416,"3"
33417,"1"
33418,"3"
33419,"3"
33420,"3"
33421,"1"
33422,"2"
33423,"3"
33424,"2"
33425,"1"
33426,"2"
33427,"1"
33428,"3"
33429,"3"
33430,"3"
33431,"1"
33432,"3"
33433,"1"
33434,"2"
33435,"2"
33436,"2"
33437,"1"
33438,"1"
33439,"2"
33440,"1"
33441,"2"
33442,"2"
33443,"3"
33444,"1"
33445,"1"
33446,"1"
33447,"3"
33448,"2"
33449,"2"
33450,"2"
33451,"2"
33452,"1"
33453,"3"
33454,"3"
33455,"1"
33456,"3"
33457,"2"
33458,"2"
33459,"3"
33460,"1"
33461,"1"
33462,"1"
33463,"1"
33464,"1"
33465,"1"
33466,"1"
33467,"2"
33468,"2"
33469,"2"
33470,"2"
33471,"3"
33472,"3"
33473,"1"
33474,"1"
33475,"3"
33476,"3"
33477,"1"
33478,"3"
33479,"3"
33480,"1"
33481,"3"
33482,"1"
33483,"1"
33484,"3"
33485,"2"
33486,"2"
33487,"1"
33488,"3"
33489,"1"
33490,"1"
33491,"2"
33492,"3"
33493,"2"
33494,"3"
33495,"2"
33496,"3"
33497,"1"
33498,"1"
33499,"3"
33500,"3"
33501,"2"
33502,"3"
33503,"1"
33504,"3"
33505,"2"
33506,"2"
33507,"2"
33508,"1"
33509,"2"
33510,"1"
33511,"3"
33512,"1"
33513,"2"
33514,"1"
33515,"3"
33516,"1"
33517,"3"
33518,"3"
33519,"3"
33520,"1"
33521,"2"
33522,"1"
33523,"2"
33524,"3"
33525,"3"
33526,"1"
33527,"3"
33528,"3"
33529,"3"
33530,"3"
33531,"3"
33532,"1"
33533,"2"
33534,"1"
33535,"2"
33536,"3"
33537,"3"
33538,"1"
33539,"3"
33540,"2"
33541,"3"
33542,"1"
33543,"3"
33544,"3"
33545,"3"
33546,"3"
33547,"1"
33548,"3"
33549,"3"
33550,"2"
33551,"1"
33552,"3"
33553,"3"
33554,"1"
33555,"3"
33556,"1"
33557,"1"
33558,"3"
33559,"3"
33560,"1"
33561,"3"
33562,"3"
33563,"2"
33564,"1"
33565,"2"
33566,"1"
33567,"3"
33568,"3"
33569,"1"
33570,"2"
33571,"3"
33572,"1"
33573,"2"
33574,"1"
33575,"3"
33576,"1"
33577,"1"
33578,"1"
33579,"3"
33580,"2"
33581,"2"
33582,"3"
33583,"1"
33584,"3"
33585,"3"
33586,"1"
33587,"1"
33588,"1"
33589,"1"
33590,"3"
33591,"1"
33592,"1"
33593,"3"
33594,"2"
33595,"3"
33596,"2"
33597,"2"
33598,"3"
33599,"2"
33600,"2"
33601,"3"
33602,"1"
33603,"2"
33604,"3"
33605,"2"
33606,"2"
33607,"3"
33608,"3"
33609,"1"
33610,"3"
33611,"3"
33612,"2"
33613,"3"
33614,"3"
33615,"3"
33616,"1"
33617,"1"
33618,"2"
33619,"3"
33620,"3"
33621,"1"
33622,"2"
33623,"2"
33624,"3"
33625,"2"
33626,"3"
33627,"3"
33628,"1"
33629,"2"
33630,"3"
33631,"1"
33632,"1"
33633,"3"
33634,"2"
33635,"2"
33636,"3"
33637,"2"
33638,"3"
33639,"1"
33640,"3"
33641,"3"
33642,"2"
33643,"1"
33644,"2"
33645,"1"
33646,"1"
33647,"1"
33648,"3"
33649,"1"
33650,"2"
33651,"1"
33652,"2"
33653,"1"
33654,"3"
33655,"3"
33656,"1"
33657,"2"
33658,"1"
33659,"3"
33660,"2"
33661,"2"
33662,"3"
33663,"1"
33664,"1"
33665,"1"
33666,"3"
33667,"3"
33668,"2"
33669,"3"
33670,"1"
33671,"2"
33672,"3"
33673,"1"
33674,"3"
33675,"3"
33676,"1"
33677,"3"
33678,"1"
33679,"1"
33680,"3"
33681,"3"
33682,"3"
33683,"1"
33684,"1"
33685,"2"
33686,"3"
33687,"1"
33688,"3"
33689,"3"
33690,"2"
33691,"1"
33692,"2"
33693,"3"
33694,"3"
33695,"2"
33696,"1"
33697,"3"
33698,"2"
33699,"2"
33700,"3"
33701,"3"
33702,"1"
33703,"1"
33704,"3"
33705,"1"
33706,"1"
33707,"3"
33708,"2"
33709,"1"
33710,"1"
33711,"1"
33712,"3"
33713,"3"
33714,"3"
33715,"2"
33716,"3"
33717,"1"
33718,"1"
33719,"1"
33720,"1"
33721,"2"
33722,"3"
33723,"3"
33724,"1"
33725,"3"
33726,"3"
33727,"1"
33728,"1"
33729,"3"
33730,"1"
33731,"3"
33732,"1"
33733,"3"
33734,"2"
33735,"1"
33736,"1"
33737,"2"
33738,"3"
33739,"3"
33740,"1"
33741,"3"
33742,"2"
33743,"3"
33744,"1"
33745,"1"
33746,"3"
33747,"3"
33748,"3"
33749,"2"
33750,"2"
33751,"3"
33752,"3"
33753,"2"
33754,"3"
33755,"3"
33756,"2"
33757,"3"
33758,"1"
33759,"2"
33760,"2"
33761,"2"
33762,"2"
33763,"3"
33764,"2"
33765,"1"
33766,"3"
33767,"1"
33768,"2"
33769,"2"
33770,"2"
33771,"1"
33772,"3"
33773,"2"
33774,"1"
33775,"1"
33776,"3"
33777,"2"
33778,"1"
33779,"2"
33780,"1"
33781,"1"
33782,"1"
33783,"2"
33784,"3"
33785,"1"
33786,"1"
33787,"3"
33788,"2"
33789,"3"
33790,"2"
33791,"1"
33792,"1"
33793,"3"
33794,"3"
33795,"2"
33796,"1"
33797,"3"
33798,"2"
33799,"1"
33800,"3"
33801,"2"
33802,"3"
33803,"2"
33804,"1"
33805,"2"
33806,"3"
33807,"2"
33808,"1"
33809,"1"
33810,"1"
33811,"2"
33812,"3"
33813,"1"
33814,"1"
33815,"3"
33816,"1"
33817,"1"
33818,"3"
33819,"3"
33820,"1"
33821,"1"
33822,"1"
33823,"2"
33824,"1"
33825,"3"
33826,"3"
33827,"1"
33828,"3"
33829,"3"
33830,"3"
33831,"3"
33832,"2"
33833,"2"
33834,"1"
33835,"1"
33836,"1"
33837,"1"
33838,"2"
33839,"1"
33840,"2"
33841,"3"
33842,"1"
33843,"2"
33844,"1"
33845,"2"
33846,"2"
33847,"2"
33848,"3"
33849,"1"
33850,"3"
33851,"1"
33852,"3"
33853,"3"
33854,"1"
33855,"1"
33856,"3"
33857,"2"
33858,"2"
33859,"1"
33860,"1"
33861,"3"
33862,"3"
33863,"3"
33864,"3"
33865,"3"
33866,"2"
33867,"1"
33868,"2"
33869,"1"
33870,"3"
33871,"2"
33872,"2"
33873,"1"
33874,"3"
33875,"3"
33876,"1"
33877,"2"
33878,"2"
33879,"2"
33880,"3"
33881,"2"
33882,"1"
33883,"1"
33884,"1"
33885,"1"
33886,"1"
33887,"3"
33888,"1"
33889,"1"
33890,"1"
33891,"3"
33892,"3"
33893,"2"
33894,"1"
33895,"1"
33896,"2"
33897,"3"
33898,"1"
33899,"1"
33900,"2"
33901,"2"
33902,"3"
33903,"1"
33904,"2"
33905,"3"
33906,"3"
33907,"3"
33908,"2"
33909,"1"
33910,"1"
33911,"1"
33912,"1"
33913,"1"
33914,"3"
33915,"1"
33916,"1"
33917,"3"
33918,"1"
33919,"2"
33920,"1"
33921,"1"
33922,"2"
33923,"3"
33924,"3"
33925,"2"
33926,"2"
33927,"1"
33928,"1"
33929,"3"
33930,"1"
33931,"3"
33932,"3"
33933,"3"
33934,"1"
33935,"2"
33936,"1"
33937,"2"
33938,"1"
33939,"1"
33940,"2"
33941,"2"
33942,"1"
33943,"3"
33944,"3"
33945,"3"
33946,"1"
33947,"2"
33948,"1"
33949,"2"
33950,"2"
33951,"2"
33952,"3"
33953,"1"
33954,"1"
33955,"3"
33956,"1"
33957,"2"
33958,"2"
33959,"1"
33960,"2"
33961,"1"
33962,"2"
33963,"2"
33964,"2"
33965,"1"
33966,"3"
33967,"1"
33968,"2"
33969,"1"
33970,"2"
33971,"3"
33972,"1"
33973,"1"
33974,"3"
33975,"2"
33976,"1"
33977,"1"
33978,"2"
33979,"2"
33980,"2"
33981,"3"
33982,"1"
33983,"3"
33984,"2"
33985,"1"
33986,"1"
33987,"1"
33988,"1"
33989,"1"
33990,"1"
33991,"1"
33992,"3"
33993,"1"
33994,"3"
33995,"1"
33996,"3"
33997,"3"
33998,"3"
33999,"3"
34000,"3"
34001,"2"
34002,"3"
34003,"3"
34004,"1"
34005,"1"
34006,"1"
34007,"2"
34008,"1"
34009,"3"
34010,"2"
34011,"1"
34012,"2"
34013,"1"
34014,"3"
34015,"1"
34016,"3"
34017,"2"
34018,"1"
34019,"1"
34020,"3"
34021,"2"
34022,"2"
34023,"3"
34024,"1"
34025,"1"
34026,"2"
34027,"2"
34028,"2"
34029,"2"
34030,"2"
34031,"2"
34032,"1"
34033,"1"
34034,"1"
34035,"2"
34036,"3"
34037,"2"
34038,"1"
34039,"2"
34040,"3"
34041,"2"
34042,"2"
34043,"1"
34044,"3"
34045,"2"
34046,"1"
34047,"3"
34048,"3"
34049,"3"
34050,"1"
34051,"1"
34052,"1"
34053,"1"
34054,"2"
34055,"1"
34056,"1"
34057,"1"
34058,"1"
34059,"3"
34060,"2"
34061,"3"
34062,"1"
34063,"3"
34064,"1"
34065,"2"
34066,"1"
34067,"1"
34068,"1"
34069,"2"
34070,"3"
34071,"1"
34072,"1"
34073,"3"
34074,"3"
34075,"3"
34076,"3"
34077,"3"
34078,"3"
34079,"3"
34080,"3"
34081,"1"
34082,"3"
34083,"2"
34084,"2"
34085,"1"
34086,"3"
34087,"2"
34088,"1"
34089,"1"
34090,"3"
34091,"3"
34092,"3"
34093,"3"
34094,"2"
34095,"1"
34096,"2"
34097,"3"
34098,"3"
34099,"2"
34100,"2"
34101,"1"
34102,"2"
34103,"1"
34104,"2"
34105,"3"
34106,"1"
34107,"1"
34108,"1"
34109,"1"
34110,"1"
34111,"1"
34112,"1"
34113,"3"
34114,"3"
34115,"2"
34116,"2"
34117,"2"
34118,"2"
34119,"2"
34120,"1"
34121,"3"
34122,"1"
34123,"2"
34124,"2"
34125,"3"
34126,"1"
34127,"1"
34128,"3"
34129,"3"
34130,"1"
34131,"3"
34132,"1"
34133,"3"
34134,"1"
34135,"2"
34136,"1"
34137,"2"
34138,"1"
34139,"2"
34140,"2"
34141,"1"
34142,"3"
34143,"1"
34144,"3"
34145,"2"
34146,"3"
34147,"1"
34148,"3"
34149,"2"
34150,"1"
34151,"2"
34152,"3"
34153,"1"
34154,"2"
34155,"1"
34156,"3"
34157,"3"
34158,"1"
34159,"1"
34160,"3"
34161,"2"
34162,"3"
34163,"3"
34164,"1"
34165,"1"
34166,"2"
34167,"2"
34168,"2"
34169,"2"
34170,"3"
34171,"3"
34172,"1"
34173,"1"
34174,"3"
34175,"3"
34176,"3"
34177,"3"
34178,"3"
34179,"2"
34180,"1"
34181,"2"
34182,"2"
34183,"2"
34184,"3"
34185,"3"
34186,"1"
34187,"1"
34188,"2"
34189,"1"
34190,"2"
34191,"2"
34192,"1"
34193,"1"
34194,"3"
34195,"3"
34196,"1"
34197,"2"
34198,"1"
34199,"3"
34200,"2"
34201,"1"
34202,"3"
34203,"1"
34204,"3"
34205,"3"
34206,"2"
34207,"3"
34208,"1"
34209,"1"
34210,"2"
34211,"1"
34212,"1"
34213,"1"
34214,"1"
34215,"1"
34216,"1"
34217,"3"
34218,"2"
34219,"1"
34220,"2"
34221,"3"
34222,"2"
34223,"3"
34224,"1"
34225,"1"
34226,"3"
34227,"2"
34228,"3"
34229,"3"
34230,"1"
34231,"1"
34232,"3"
34233,"3"
34234,"2"
34235,"2"
34236,"1"
34237,"3"
34238,"3"
34239,"2"
34240,"3"
34241,"2"
34242,"3"
34243,"3"
34244,"2"
34245,"1"
34246,"1"
34247,"1"
34248,"1"
34249,"3"
34250,"1"
34251,"2"
34252,"3"
34253,"2"
34254,"1"
34255,"1"
34256,"2"
34257,"3"
34258,"3"
34259,"3"
34260,"2"
34261,"1"
34262,"1"
34263,"1"
34264,"3"
34265,"1"
34266,"1"
34267,"1"
34268,"1"
34269,"3"
34270,"3"
34271,"2"
34272,"2"
34273,"1"
34274,"1"
34275,"3"
34276,"3"
34277,"3"
34278,"3"
34279,"2"
34280,"2"
34281,"3"
34282,"2"
34283,"2"
34284,"2"
34285,"3"
34286,"3"
34287,"1"
34288,"1"
34289,"2"
34290,"1"
34291,"3"
34292,"3"
34293,"1"
34294,"1"
34295,"1"
34296,"3"
34297,"2"
34298,"1"
34299,"1"
34300,"2"
34301,"1"
34302,"1"
34303,"3"
34304,"3"
34305,"2"
34306,"1"
34307,"3"
34308,"1"
34309,"3"
34310,"1"
34311,"1"
34312,"2"
34313,"1"
34314,"2"
34315,"1"
34316,"1"
34317,"1"
34318,"2"
34319,"3"
34320,"2"
34321,"1"
34322,"3"
34323,"2"
34324,"2"
34325,"1"
34326,"2"
34327,"1"
34328,"1"
34329,"1"
34330,"1"
34331,"3"
34332,"1"
34333,"2"
34334,"3"
34335,"2"
34336,"1"
34337,"2"
34338,"2"
34339,"3"
34340,"3"
34341,"2"
34342,"1"
34343,"1"
34344,"3"
34345,"1"
34346,"3"
34347,"3"
34348,"2"
34349,"2"
34350,"3"
34351,"3"
34352,"2"
34353,"3"
34354,"2"
34355,"2"
34356,"1"
34357,"3"
34358,"2"
34359,"2"
34360,"3"
34361,"1"
34362,"3"
34363,"2"
34364,"2"
34365,"1"
34366,"1"
34367,"2"
34368,"3"
34369,"1"
34370,"1"
34371,"1"
34372,"1"
34373,"3"
34374,"3"
34375,"3"
34376,"2"
34377,"2"
34378,"3"
34379,"1"
34380,"3"
34381,"2"
34382,"1"
34383,"1"
34384,"3"
34385,"2"
34386,"1"
34387,"1"
34388,"3"
34389,"1"
34390,"1"
34391,"3"
34392,"2"
34393,"2"
34394,"3"
34395,"1"
34396,"3"
34397,"2"
34398,"1"
34399,"2"
34400,"2"
34401,"1"
34402,"1"
34403,"2"
34404,"1"
34405,"1"
34406,"3"
34407,"2"
34408,"2"
34409,"3"
34410,"1"
34411,"3"
34412,"1"
34413,"1"
34414,"2"
34415,"3"
34416,"1"
34417,"3"
34418,"3"
34419,"1"
34420,"3"
34421,"3"
34422,"3"
34423,"1"
34424,"2"
34425,"3"
34426,"1"
34427,"1"
34428,"2"
34429,"2"
34430,"1"
34431,"1"
34432,"3"
34433,"1"
34434,"1"
34435,"1"
34436,"1"
34437,"3"
34438,"1"
34439,"2"
34440,"3"
34441,"3"
34442,"2"
34443,"2"
34444,"1"
34445,"2"
34446,"3"
34447,"2"
34448,"3"
34449,"1"
34450,"3"
34451,"3"
34452,"3"
34453,"3"
34454,"1"
34455,"3"
34456,"1"
34457,"2"
34458,"2"
34459,"2"
34460,"2"
34461,"1"
34462,"3"
34463,"2"
34464,"3"
34465,"1"
34466,"1"
34467,"2"
34468,"2"
34469,"2"
34470,"3"
34471,"3"
34472,"1"
34473,"3"
34474,"3"
34475,"3"
34476,"1"
34477,"1"
34478,"3"
34479,"3"
34480,"3"
34481,"3"
34482,"3"
34483,"2"
34484,"2"
34485,"3"
34486,"1"
34487,"1"
34488,"1"
34489,"1"
34490,"1"
34491,"1"
34492,"3"
34493,"3"
34494,"1"
34495,"3"
34496,"3"
34497,"2"
34498,"3"
34499,"3"
34500,"1"
34501,"2"
34502,"3"
34503,"2"
34504,"3"
34505,"1"
34506,"3"
34507,"3"
34508,"3"
34509,"3"
34510,"1"
34511,"1"
34512,"2"
34513,"2"
34514,"2"
34515,"1"
34516,"1"
34517,"1"
34518,"1"
34519,"2"
34520,"1"
34521,"2"
34522,"1"
34523,"1"
34524,"2"
34525,"3"
34526,"2"
34527,"1"
34528,"3"
34529,"2"
34530,"1"
34531,"1"
34532,"2"
34533,"2"
34534,"2"
34535,"3"
34536,"3"
34537,"1"
34538,"3"
34539,"3"
34540,"2"
34541,"2"
34542,"1"
34543,"3"
34544,"1"
34545,"2"
34546,"2"
34547,"3"
34548,"2"
34549,"2"
34550,"1"
34551,"3"
34552,"3"
34553,"1"
34554,"1"
34555,"2"
34556,"1"
34557,"2"
34558,"1"
34559,"3"
34560,"3"
34561,"2"
34562,"1"
34563,"1"
34564,"3"
34565,"3"
34566,"3"
34567,"1"
34568,"1"
34569,"3"
34570,"1"
34571,"2"
34572,"3"
34573,"2"
34574,"1"
34575,"3"
34576,"3"
34577,"3"
34578,"1"
34579,"2"
34580,"2"
34581,"1"
34582,"1"
34583,"1"
34584,"3"
34585,"1"
34586,"3"
34587,"1"
34588,"3"
34589,"3"
34590,"1"
34591,"2"
34592,"3"
34593,"3"
34594,"3"
34595,"1"
34596,"3"
34597,"3"
34598,"1"
34599,"3"
34600,"1"
34601,"3"
34602,"1"
34603,"2"
34604,"1"
34605,"2"
34606,"3"
34607,"3"
34608,"2"
34609,"2"
34610,"3"
34611,"1"
34612,"2"
34613,"2"
34614,"1"
34615,"1"
34616,"1"
34617,"3"
34618,"2"
34619,"2"
34620,"1"
34621,"3"
34622,"1"
34623,"2"
34624,"3"
34625,"2"
34626,"3"
34627,"3"
34628,"3"
34629,"1"
34630,"3"
34631,"1"
34632,"3"
34633,"1"
34634,"1"
34635,"1"
34636,"3"
34637,"2"
34638,"1"
34639,"2"
34640,"3"
34641,"2"
34642,"1"
34643,"2"
34644,"3"
34645,"2"
34646,"2"
34647,"3"
34648,"1"
34649,"2"
34650,"2"
34651,"1"
34652,"1"
34653,"1"
34654,"2"
34655,"3"
34656,"1"
34657,"3"
34658,"1"
34659,"1"
34660,"1"
34661,"1"
34662,"1"
34663,"2"
34664,"3"
34665,"1"
34666,"3"
34667,"3"
34668,"3"
34669,"2"
34670,"1"
34671,"1"
34672,"1"
34673,"1"
34674,"1"
34675,"3"
34676,"1"
34677,"1"
34678,"1"
34679,"1"
34680,"3"
34681,"1"
34682,"1"
34683,"1"
34684,"1"
34685,"3"
34686,"1"
34687,"1"
34688,"3"
34689,"1"
34690,"2"
34691,"3"
34692,"1"
34693,"1"
34694,"1"
34695,"3"
34696,"1"
34697,"2"
34698,"2"
34699,"1"
34700,"1"
34701,"3"
34702,"2"
34703,"1"
34704,"2"
34705,"3"
34706,"3"
34707,"3"
34708,"3"
34709,"1"
34710,"3"
34711,"3"
34712,"3"
34713,"1"
34714,"3"
34715,"3"
34716,"1"
34717,"1"
34718,"3"
34719,"3"
34720,"3"
34721,"1"
34722,"3"
34723,"1"
34724,"2"
34725,"3"
34726,"1"
34727,"1"
34728,"2"
34729,"2"
34730,"3"
34731,"3"
34732,"1"
34733,"1"
34734,"3"
34735,"3"
34736,"3"
34737,"1"
34738,"1"
34739,"3"
34740,"3"
34741,"1"
34742,"2"
34743,"3"
34744,"3"
34745,"2"
34746,"3"
34747,"2"
34748,"1"
34749,"3"
34750,"2"
34751,"1"
34752,"1"
34753,"2"
34754,"3"
34755,"3"
34756,"1"
34757,"1"
34758,"3"
34759,"3"
34760,"2"
34761,"1"
34762,"1"
34763,"2"
34764,"1"
34765,"1"
34766,"2"
34767,"2"
34768,"3"
34769,"3"
34770,"3"
34771,"1"
34772,"1"
34773,"1"
34774,"1"
34775,"3"
34776,"3"
34777,"1"
34778,"2"
34779,"2"
34780,"3"
34781,"3"
34782,"3"
34783,"3"
34784,"1"
34785,"1"
34786,"3"
34787,"2"
34788,"2"
34789,"2"
34790,"3"
34791,"2"
34792,"1"
34793,"3"
34794,"1"
34795,"1"
34796,"3"
34797,"2"
34798,"1"
34799,"1"
34800,"2"
34801,"1"
34802,"1"
34803,"2"
34804,"3"
34805,"1"
34806,"1"
34807,"3"
34808,"3"
34809,"2"
34810,"2"
34811,"1"
34812,"3"
34813,"1"
34814,"1"
34815,"3"
34816,"3"
34817,"3"
34818,"2"
34819,"1"
34820,"2"
34821,"3"
34822,"2"
34823,"2"
34824,"1"
34825,"3"
34826,"2"
34827,"1"
34828,"3"
34829,"1"
34830,"1"
34831,"2"
34832,"3"
34833,"1"
34834,"3"
34835,"2"
34836,"3"
34837,"3"
34838,"1"
34839,"2"
34840,"1"
34841,"1"
34842,"2"
34843,"2"
34844,"3"
34845,"1"
34846,"3"
34847,"1"
34848,"1"
34849,"1"
34850,"2"
34851,"3"
34852,"3"
34853,"1"
34854,"2"
34855,"1"
34856,"2"
34857,"1"
34858,"1"
34859,"3"
34860,"2"
34861,"2"
34862,"3"
34863,"1"
34864,"3"
34865,"1"
34866,"3"
34867,"1"
34868,"1"
34869,"1"
34870,"2"
34871,"2"
34872,"3"
34873,"2"
34874,"2"
34875,"1"
34876,"1"
34877,"2"
34878,"1"
34879,"3"
34880,"2"
34881,"3"
34882,"3"
34883,"2"
34884,"2"
34885,"3"
34886,"1"
34887,"1"
34888,"2"
34889,"1"
34890,"1"
34891,"1"
34892,"3"
34893,"3"
34894,"3"
34895,"2"
34896,"1"
34897,"2"
34898,"2"
34899,"3"
34900,"1"
34901,"1"
34902,"1"
34903,"3"
34904,"2"
34905,"2"
34906,"3"
34907,"3"
34908,"1"
34909,"1"
34910,"1"
34911,"3"
34912,"1"
34913,"1"
34914,"3"
34915,"2"
34916,"3"
34917,"3"
34918,"3"
34919,"3"
34920,"1"
34921,"1"
34922,"3"
34923,"1"
34924,"3"
34925,"2"
34926,"1"
34927,"2"
34928,"2"
34929,"3"
34930,"1"
34931,"2"
34932,"1"
34933,"3"
34934,"3"
34935,"3"
34936,"2"
34937,"1"
34938,"1"
34939,"1"
34940,"3"
34941,"1"
34942,"3"
34943,"1"
34944,"2"
34945,"3"
34946,"1"
34947,"3"
34948,"3"
34949,"1"
34950,"3"
34951,"3"
34952,"1"
34953,"3"
34954,"2"
34955,"3"
34956,"2"
34957,"3"
34958,"1"
34959,"3"
34960,"1"
34961,"2"
34962,"3"
34963,"2"
34964,"3"
34965,"3"
34966,"3"
34967,"2"
34968,"3"
34969,"2"
34970,"1"
34971,"2"
34972,"3"
34973,"3"
34974,"1"
34975,"3"
34976,"3"
34977,"1"
34978,"3"
34979,"2"
34980,"2"
34981,"1"
34982,"2"
34983,"2"
34984,"1"
34985,"3"
34986,"3"
34987,"1"
34988,"1"
34989,"1"
34990,"2"
34991,"2"
34992,"2"
34993,"1"
34994,"3"
34995,"1"
34996,"3"
34997,"1"
34998,"1"
34999,"3"
35000,"1"
35001,"1"
35002,"3"
35003,"1"
35004,"2"
35005,"1"
35006,"3"
35007,"3"
35008,"2"
35009,"1"
35010,"1"
35011,"3"
35012,"2"
35013,"2"
35014,"1"
35015,"3"
35016,"3"
35017,"3"
35018,"3"
35019,"3"
35020,"3"
35021,"1"
35022,"2"
35023,"2"
35024,"1"
35025,"2"
35026,"1"
35027,"3"
35028,"1"
35029,"2"
35030,"1"
35031,"1"
35032,"3"
35033,"3"
35034,"3"
35035,"2"
35036,"3"
35037,"1"
35038,"2"
35039,"2"
35040,"3"
35041,"1"
35042,"3"
35043,"2"
35044,"2"
35045,"1"
35046,"2"
35047,"3"
35048,"1"
35049,"1"
35050,"3"
35051,"3"
35052,"3"
35053,"1"
35054,"3"
35055,"1"
35056,"3"
35057,"1"
35058,"2"
35059,"3"
35060,"2"
35061,"2"
35062,"1"
35063,"1"
35064,"2"
35065,"3"
35066,"3"
35067,"3"
35068,"1"
35069,"1"
35070,"3"
35071,"1"
35072,"3"
35073,"1"
35074,"3"
35075,"3"
35076,"2"
35077,"1"
35078,"3"
35079,"2"
35080,"3"
35081,"1"
35082,"3"
35083,"3"
35084,"3"
35085,"2"
35086,"3"
35087,"3"
35088,"2"
35089,"1"
35090,"1"
35091,"1"
35092,"3"
35093,"2"
35094,"1"
35095,"1"
35096,"1"
35097,"1"
35098,"3"
35099,"2"
35100,"1"
35101,"3"
35102,"3"
35103,"1"
35104,"1"
35105,"3"
35106,"2"
35107,"3"
35108,"2"
35109,"3"
35110,"3"
35111,"3"
35112,"2"
35113,"3"
35114,"2"
35115,"3"
35116,"2"
35117,"3"
35118,"3"
35119,"1"
35120,"3"
35121,"2"
35122,"1"
35123,"3"
35124,"3"
35125,"1"
35126,"3"
35127,"3"
35128,"2"
35129,"2"
35130,"2"
35131,"1"
35132,"1"
35133,"2"
35134,"1"
35135,"2"
35136,"1"
35137,"3"
35138,"1"
35139,"3"
35140,"1"
35141,"1"
35142,"2"
35143,"1"
35144,"1"
35145,"1"
35146,"3"
35147,"2"
35148,"2"
35149,"3"
35150,"1"
35151,"2"
35152,"1"
35153,"3"
35154,"1"
35155,"1"
35156,"3"
35157,"1"
35158,"3"
35159,"1"
35160,"1"
35161,"1"
35162,"2"
35163,"2"
35164,"1"
35165,"3"
35166,"3"
35167,"1"
35168,"1"
35169,"3"
35170,"2"
35171,"1"
35172,"3"
35173,"2"
35174,"1"
35175,"1"
35176,"3"
35177,"1"
35178,"3"
35179,"3"
35180,"3"
35181,"2"
35182,"2"
35183,"3"
35184,"3"
35185,"1"
35186,"2"
35187,"2"
35188,"3"
35189,"1"
35190,"2"
35191,"2"
35192,"1"
35193,"2"
35194,"2"
35195,"1"
35196,"1"
35197,"1"
35198,"1"
35199,"1"
35200,"2"
35201,"2"
35202,"1"
35203,"3"
35204,"1"
35205,"1"
35206,"2"
35207,"1"
35208,"3"
35209,"3"
35210,"1"
35211,"1"
35212,"1"
35213,"3"
35214,"3"
35215,"3"
35216,"3"
35217,"3"
35218,"3"
35219,"3"
35220,"1"
35221,"1"
35222,"1"
35223,"3"
35224,"2"
35225,"1"
35226,"2"
35227,"1"
35228,"1"
35229,"2"
35230,"3"
35231,"3"
35232,"1"
35233,"3"
35234,"3"
35235,"1"
35236,"3"
35237,"3"
35238,"1"
35239,"2"
35240,"2"
35241,"3"
35242,"3"
35243,"2"
35244,"2"
35245,"3"
35246,"3"
35247,"2"
35248,"1"
35249,"2"
35250,"2"
35251,"1"
35252,"1"
35253,"3"
35254,"1"
35255,"3"
35256,"2"
35257,"3"
35258,"2"
35259,"1"
35260,"1"
35261,"3"
35262,"3"
35263,"1"
35264,"3"
35265,"3"
35266,"1"
35267,"1"
35268,"1"
35269,"2"
35270,"1"
35271,"1"
35272,"2"
35273,"2"
35274,"1"
35275,"3"
35276,"2"
35277,"3"
35278,"3"
35279,"3"
35280,"1"
35281,"2"
35282,"1"
35283,"1"
35284,"3"
35285,"3"
35286,"2"
35287,"1"
35288,"1"
35289,"3"
35290,"1"
35291,"3"
35292,"1"
35293,"3"
35294,"1"
35295,"1"
35296,"2"
35297,"3"
35298,"1"
35299,"3"
35300,"3"
35301,"1"
35302,"2"
35303,"1"
35304,"1"
35305,"2"
35306,"3"
35307,"2"
35308,"3"
35309,"2"
35310,"3"
35311,"3"
35312,"1"
35313,"2"
35314,"1"
35315,"1"
35316,"1"
35317,"2"
35318,"1"
35319,"1"
35320,"1"
35321,"1"
35322,"1"
35323,"3"
35324,"1"
35325,"2"
35326,"1"
35327,"3"
35328,"2"
35329,"1"
35330,"3"
35331,"2"
35332,"2"
35333,"3"
35334,"2"
35335,"1"
35336,"1"
35337,"1"
35338,"3"
35339,"3"
35340,"3"
35341,"1"
35342,"2"
35343,"2"
35344,"2"
35345,"1"
35346,"3"
35347,"3"
35348,"1"
35349,"2"
35350,"1"
35351,"3"
35352,"2"
35353,"3"
35354,"1"
35355,"3"
35356,"3"
35357,"2"
35358,"3"
35359,"2"
35360,"1"
35361,"2"
35362,"2"
35363,"3"
35364,"1"
35365,"1"
35366,"1"
35367,"3"
35368,"3"
35369,"3"
35370,"2"
35371,"3"
35372,"3"
35373,"2"
35374,"1"
35375,"1"
35376,"1"
35377,"1"
35378,"1"
35379,"2"
35380,"2"
35381,"3"
35382,"3"
35383,"3"
35384,"1"
35385,"3"
35386,"3"
35387,"2"
35388,"1"
35389,"3"
35390,"1"
35391,"3"
35392,"3"
35393,"3"
35394,"3"
35395,"3"
35396,"1"
35397,"3"
35398,"2"
35399,"2"
35400,"1"
35401,"1"
35402,"3"
35403,"2"
35404,"3"
35405,"3"
35406,"1"
35407,"1"
35408,"3"
35409,"3"
35410,"2"
35411,"3"
35412,"3"
35413,"1"
35414,"2"
35415,"1"
35416,"1"
35417,"3"
35418,"1"
35419,"3"
35420,"2"
35421,"1"
35422,"3"
35423,"1"
35424,"3"
35425,"1"
35426,"3"
35427,"1"
35428,"3"
35429,"3"
35430,"3"
35431,"1"
35432,"3"
35433,"2"
35434,"3"
35435,"3"
35436,"2"
35437,"3"
35438,"2"
35439,"1"
35440,"3"
35441,"1"
35442,"1"
35443,"3"
35444,"1"
35445,"3"
35446,"3"
35447,"3"
35448,"3"
35449,"3"
35450,"2"
35451,"2"
35452,"2"
35453,"3"
35454,"1"
35455,"2"
35456,"1"
35457,"1"
35458,"1"
35459,"1"
35460,"1"
35461,"1"
35462,"2"
35463,"1"
35464,"1"
35465,"3"
35466,"2"
35467,"3"
35468,"2"
35469,"3"
35470,"1"
35471,"2"
35472,"3"
35473,"1"
35474,"2"
35475,"1"
35476,"3"
35477,"3"
35478,"2"
35479,"3"
35480,"1"
35481,"2"
35482,"1"
35483,"2"
35484,"1"
35485,"3"
35486,"3"
35487,"1"
35488,"1"
35489,"1"
35490,"1"
35491,"1"
35492,"1"
35493,"2"
35494,"3"
35495,"3"
35496,"1"
35497,"2"
35498,"1"
35499,"2"
35500,"3"
35501,"1"
35502,"1"
35503,"3"
35504,"2"
35505,"2"
35506,"2"
35507,"2"
35508,"1"
35509,"3"
35510,"1"
35511,"2"
35512,"3"
35513,"1"
35514,"2"
35515,"1"
35516,"3"
35517,"3"
35518,"1"
35519,"2"
35520,"3"
35521,"1"
35522,"1"
35523,"1"
35524,"3"
35525,"1"
35526,"3"
35527,"1"
35528,"2"
35529,"2"
35530,"1"
35531,"3"
35532,"2"
35533,"1"
35534,"3"
35535,"1"
35536,"3"
35537,"1"
35538,"2"
35539,"1"
35540,"1"
35541,"3"
35542,"1"
35543,"3"
35544,"3"
35545,"1"
35546,"3"
35547,"3"
35548,"1"
35549,"1"
35550,"2"
35551,"3"
35552,"1"
35553,"3"
35554,"3"
35555,"1"
35556,"3"
35557,"2"
35558,"2"
35559,"2"
35560,"1"
35561,"1"
35562,"1"
35563,"3"
35564,"2"
35565,"3"
35566,"3"
35567,"1"
35568,"1"
35569,"3"
35570,"3"
35571,"3"
35572,"3"
35573,"3"
35574,"1"
35575,"2"
35576,"1"
35577,"3"
35578,"2"
35579,"3"
35580,"1"
35581,"2"
35582,"3"
35583,"3"
35584,"2"
35585,"1"
35586,"1"
35587,"3"
35588,"3"
35589,"1"
35590,"1"
35591,"3"
35592,"2"
35593,"1"
35594,"3"
35595,"3"
35596,"1"
35597,"1"
35598,"1"
35599,"1"
35600,"1"
35601,"3"
35602,"3"
35603,"3"
35604,"1"
35605,"1"
35606,"1"
35607,"3"
35608,"1"
35609,"3"
35610,"3"
35611,"3"
35612,"2"
35613,"3"
35614,"3"
35615,"1"
35616,"1"
35617,"1"
35618,"3"
35619,"3"
35620,"3"
35621,"3"
35622,"1"
35623,"3"
35624,"1"
35625,"3"
35626,"1"
35627,"3"
35628,"1"
35629,"1"
35630,"1"
35631,"3"
35632,"1"
35633,"3"
35634,"3"
35635,"3"
35636,"2"
35637,"3"
35638,"1"
35639,"2"
35640,"2"
35641,"2"
35642,"3"
35643,"2"
35644,"3"
35645,"3"
35646,"3"
35647,"2"
35648,"3"
35649,"1"
35650,"2"
35651,"2"
35652,"1"
35653,"1"
35654,"1"
35655,"3"
35656,"1"
35657,"1"
35658,"2"
35659,"1"
35660,"2"
35661,"2"
35662,"3"
35663,"1"
35664,"3"
35665,"3"
35666,"1"
35667,"1"
35668,"1"
35669,"2"
35670,"1"
35671,"3"
35672,"3"
35673,"3"
35674,"3"
35675,"3"
35676,"1"
35677,"2"
35678,"2"
35679,"1"
35680,"3"
35681,"3"
35682,"3"
35683,"3"
35684,"3"
35685,"1"
35686,"1"
35687,"1"
35688,"3"
35689,"1"
35690,"1"
35691,"1"
35692,"3"
35693,"3"
35694,"3"
35695,"2"
35696,"3"
35697,"3"
35698,"1"
35699,"1"
35700,"1"
35701,"1"
35702,"3"
35703,"3"
35704,"1"
35705,"3"
35706,"3"
35707,"3"
35708,"2"
35709,"1"
35710,"3"
35711,"1"
35712,"1"
35713,"2"
35714,"1"
35715,"3"
35716,"2"
35717,"1"
35718,"3"
35719,"3"
35720,"1"
35721,"3"
35722,"1"
35723,"3"
35724,"1"
35725,"1"
35726,"2"
35727,"3"
35728,"1"
35729,"3"
35730,"2"
35731,"2"
35732,"3"
35733,"3"
35734,"1"
35735,"3"
35736,"3"
35737,"2"
35738,"1"
35739,"1"
35740,"3"
35741,"2"
35742,"3"
35743,"3"
35744,"2"
35745,"1"
35746,"1"
35747,"1"
35748,"1"
35749,"1"
35750,"2"
35751,"2"
35752,"2"
35753,"2"
35754,"2"
35755,"2"
35756,"3"
35757,"1"
35758,"1"
35759,"3"
35760,"3"
35761,"3"
35762,"2"
35763,"3"
35764,"1"
35765,"3"
35766,"1"
35767,"3"
35768,"2"
35769,"3"
35770,"2"
35771,"2"
35772,"1"
35773,"2"
35774,"3"
35775,"2"
35776,"3"
35777,"3"
35778,"2"
35779,"3"
35780,"3"
35781,"2"
35782,"3"
35783,"3"
35784,"1"
35785,"2"
35786,"1"
35787,"1"
35788,"2"
35789,"2"
35790,"3"
35791,"1"
35792,"1"
35793,"2"
35794,"1"
35795,"1"
35796,"2"
35797,"3"
35798,"2"
35799,"3"
35800,"3"
35801,"3"
35802,"1"
35803,"3"
35804,"1"
35805,"3"
35806,"2"
35807,"2"
35808,"1"
35809,"1"
35810,"3"
35811,"2"
35812,"1"
35813,"3"
35814,"1"
35815,"3"
35816,"1"
35817,"1"
35818,"1"
35819,"3"
35820,"1"
35821,"3"
35822,"1"
35823,"3"
35824,"2"
35825,"2"
35826,"3"
35827,"1"
35828,"3"
35829,"3"
35830,"1"
35831,"2"
35832,"1"
35833,"2"
35834,"1"
35835,"2"
35836,"3"
35837,"1"
35838,"3"
35839,"3"
35840,"3"
35841,"3"
35842,"2"
35843,"2"
35844,"2"
35845,"3"
35846,"3"
35847,"3"
35848,"3"
35849,"3"
35850,"1"
35851,"2"
35852,"2"
35853,"1"
35854,"3"
35855,"1"
35856,"3"
35857,"3"
35858,"3"
35859,"2"
35860,"3"
35861,"1"
35862,"1"
35863,"3"
35864,"2"
35865,"3"
35866,"1"
35867,"3"
35868,"3"
35869,"1"
35870,"1"
35871,"3"
35872,"2"
35873,"2"
35874,"1"
35875,"2"
35876,"3"
35877,"3"
35878,"2"
35879,"1"
35880,"1"
35881,"1"
35882,"2"
35883,"1"
35884,"2"
35885,"3"
35886,"3"
35887,"2"
35888,"3"
35889,"2"
35890,"2"
35891,"2"
35892,"2"
35893,"3"
35894,"1"
35895,"3"
35896,"3"
35897,"1"
35898,"2"
35899,"2"
35900,"2"
35901,"3"
35902,"3"
35903,"3"
35904,"1"
35905,"1"
35906,"3"
35907,"2"
35908,"2"
35909,"2"
35910,"2"
35911,"1"
35912,"1"
35913,"2"
35914,"2"
35915,"2"
35916,"1"
35917,"1"
35918,"3"
35919,"2"
35920,"1"
35921,"1"
35922,"2"
35923,"3"
35924,"3"
35925,"3"
35926,"1"
35927,"1"
35928,"1"
35929,"1"
35930,"1"
35931,"3"
35932,"2"
35933,"1"
35934,"1"
35935,"1"
35936,"1"
35937,"1"
35938,"1"
35939,"1"
35940,"2"
35941,"1"
35942,"3"
35943,"3"
35944,"3"
35945,"2"
35946,"3"
35947,"3"
35948,"3"
35949,"2"
35950,"1"
35951,"3"
35952,"3"
35953,"1"
35954,"3"
35955,"2"
35956,"2"
35957,"1"
35958,"3"
35959,"3"
35960,"3"
35961,"3"
35962,"1"
35963,"2"
35964,"3"
35965,"3"
35966,"3"
35967,"1"
35968,"3"
35969,"3"
35970,"2"
35971,"1"
35972,"1"
35973,"2"
35974,"3"
35975,"2"
35976,"1"
35977,"3"
35978,"2"
35979,"1"
35980,"2"
35981,"1"
35982,"3"
35983,"1"
35984,"1"
35985,"1"
35986,"1"
35987,"3"
35988,"2"
35989,"1"
35990,"3"
35991,"2"
35992,"1"
35993,"2"
35994,"3"
35995,"3"
35996,"1"
35997,"1"
35998,"3"
35999,"3"
36000,"3"
36001,"3"
36002,"3"
36003,"2"
36004,"1"
36005,"1"
36006,"2"
36007,"1"
36008,"2"
36009,"1"
36010,"2"
36011,"2"
36012,"3"
36013,"2"
36014,"1"
36015,"3"
36016,"3"
36017,"3"
36018,"1"
36019,"3"
36020,"3"
36021,"1"
36022,"2"
36023,"1"
36024,"1"
36025,"3"
36026,"1"
36027,"1"
36028,"1"
36029,"2"
36030,"1"
36031,"3"
36032,"1"
36033,"3"
36034,"3"
36035,"3"
36036,"3"
36037,"1"
36038,"3"
36039,"3"
36040,"3"
36041,"1"
36042,"3"
36043,"3"
36044,"3"
36045,"2"
36046,"3"
36047,"3"
36048,"2"
36049,"2"
36050,"2"
36051,"3"
36052,"1"
36053,"3"
36054,"1"
36055,"1"
36056,"1"
36057,"1"
36058,"1"
36059,"1"
36060,"1"
36061,"2"
36062,"1"
36063,"1"
36064,"1"
36065,"2"
36066,"3"
36067,"3"
36068,"1"
36069,"2"
36070,"1"
36071,"1"
36072,"3"
36073,"1"
36074,"3"
36075,"3"
36076,"2"
36077,"1"
36078,"3"
36079,"1"
36080,"3"
36081,"3"
36082,"2"
36083,"2"
36084,"1"
36085,"1"
36086,"3"
36087,"2"
36088,"3"
36089,"2"
36090,"1"
36091,"2"
36092,"2"
36093,"3"
36094,"3"
36095,"1"
36096,"1"
36097,"1"
36098,"3"
36099,"3"
36100,"1"
36101,"1"
36102,"1"
36103,"2"
36104,"3"
36105,"1"
36106,"1"
36107,"1"
36108,"3"
36109,"3"
36110,"2"
36111,"3"
36112,"2"
36113,"2"
36114,"1"
36115,"3"
36116,"2"
36117,"2"
36118,"3"
36119,"3"
36120,"3"
36121,"3"
36122,"2"
36123,"2"
36124,"2"
36125,"1"
36126,"2"
36127,"2"
36128,"2"
36129,"1"
36130,"2"
36131,"3"
36132,"1"
36133,"1"
36134,"1"
36135,"1"
36136,"2"
36137,"1"
36138,"2"
36139,"3"
36140,"3"
36141,"3"
36142,"1"
36143,"2"
36144,"2"
36145,"1"
36146,"1"
36147,"1"
36148,"1"
36149,"1"
36150,"1"
36151,"1"
36152,"3"
36153,"1"
36154,"2"
36155,"3"
36156,"3"
36157,"3"
36158,"3"
36159,"1"
36160,"3"
36161,"1"
36162,"1"
36163,"1"
36164,"2"
36165,"3"
36166,"1"
36167,"1"
36168,"1"
36169,"3"
36170,"1"
36171,"1"
36172,"1"
36173,"1"
36174,"1"
36175,"1"
36176,"3"
36177,"2"
36178,"3"
36179,"1"
36180,"2"
36181,"3"
36182,"1"
36183,"2"
36184,"1"
36185,"2"
36186,"3"
36187,"2"
36188,"3"
36189,"2"
36190,"3"
36191,"3"
36192,"3"
36193,"3"
36194,"2"
36195,"2"
36196,"1"
36197,"3"
36198,"3"
36199,"1"
36200,"1"
36201,"2"
36202,"3"
36203,"1"
36204,"3"
36205,"3"
36206,"2"
36207,"1"
36208,"2"
36209,"1"
36210,"3"
36211,"2"
36212,"1"
36213,"1"
36214,"2"
36215,"1"
36216,"1"
36217,"3"
36218,"3"
36219,"1"
36220,"2"
36221,"1"
36222,"1"
36223,"3"
36224,"2"
36225,"3"
36226,"2"
36227,"1"
36228,"1"
36229,"1"
36230,"3"
36231,"2"
36232,"2"
36233,"2"
36234,"3"
36235,"2"
36236,"3"
36237,"2"
36238,"2"
36239,"3"
36240,"2"
36241,"3"
36242,"1"
36243,"3"
36244,"2"
36245,"3"
36246,"3"
36247,"2"
36248,"3"
36249,"3"
36250,"1"
36251,"2"
36252,"1"
36253,"3"
36254,"2"
36255,"3"
36256,"3"
36257,"3"
36258,"3"
36259,"3"
36260,"1"
36261,"1"
36262,"1"
36263,"2"
36264,"3"
36265,"1"
36266,"3"
36267,"1"
36268,"3"
36269,"1"
36270,"3"
36271,"3"
36272,"1"
36273,"3"
36274,"2"
36275,"2"
36276,"2"
36277,"2"
36278,"3"
36279,"3"
36280,"1"
36281,"3"
36282,"1"
36283,"3"
36284,"2"
36285,"1"
36286,"3"
36287,"2"
36288,"1"
36289,"1"
36290,"2"
36291,"2"
36292,"1"
36293,"1"
36294,"2"
36295,"1"
36296,"3"
36297,"1"
36298,"1"
36299,"2"
36300,"1"
36301,"2"
36302,"2"
36303,"1"
36304,"1"
36305,"3"
36306,"1"
36307,"3"
36308,"3"
36309,"2"
36310,"2"
36311,"1"
36312,"1"
36313,"1"
36314,"2"
36315,"1"
36316,"2"
36317,"2"
36318,"2"
36319,"1"
36320,"2"
36321,"1"
36322,"1"
36323,"1"
36324,"1"
36325,"1"
36326,"2"
36327,"1"
36328,"3"
36329,"3"
36330,"3"
36331,"3"
36332,"3"
36333,"3"
36334,"3"
36335,"3"
36336,"2"
36337,"3"
36338,"3"
36339,"1"
36340,"1"
36341,"1"
36342,"1"
36343,"1"
36344,"3"
36345,"1"
36346,"3"
36347,"3"
36348,"3"
36349,"3"
36350,"2"
36351,"3"
36352,"3"
36353,"3"
36354,"2"
36355,"2"
36356,"2"
36357,"1"
36358,"3"
36359,"2"
36360,"2"
36361,"3"
36362,"3"
36363,"2"
36364,"1"
36365,"3"
36366,"2"
36367,"1"
36368,"2"
36369,"1"
36370,"2"
36371,"2"
36372,"2"
36373,"3"
36374,"1"
36375,"3"
36376,"2"
36377,"2"
36378,"1"
36379,"2"
36380,"1"
36381,"3"
36382,"3"
36383,"3"
36384,"2"
36385,"1"
36386,"3"
36387,"1"
36388,"3"
36389,"2"
36390,"1"
36391,"3"
36392,"2"
36393,"3"
36394,"1"
36395,"1"
36396,"3"
36397,"1"
36398,"3"
36399,"1"
36400,"2"
36401,"2"
36402,"1"
36403,"2"
36404,"3"
36405,"3"
36406,"3"
36407,"3"
36408,"1"
36409,"2"
36410,"1"
36411,"3"
36412,"2"
36413,"3"
36414,"1"
36415,"3"
36416,"1"
36417,"2"
36418,"3"
36419,"1"
36420,"3"
36421,"1"
36422,"1"
36423,"3"
36424,"3"
36425,"1"
36426,"1"
36427,"3"
36428,"3"
36429,"3"
36430,"3"
36431,"3"
36432,"1"
36433,"2"
36434,"3"
36435,"1"
36436,"3"
36437,"2"
36438,"2"
36439,"1"
36440,"3"
36441,"2"
36442,"3"
36443,"2"
36444,"1"
36445,"1"
36446,"1"
36447,"3"
36448,"3"
36449,"2"
36450,"2"
36451,"3"
36452,"2"
36453,"3"
36454,"3"
36455,"3"
36456,"1"
36457,"2"
36458,"2"
36459,"3"
36460,"3"
36461,"3"
36462,"3"
36463,"2"
36464,"2"
36465,"2"
36466,"1"
36467,"2"
36468,"3"
36469,"1"
36470,"1"
36471,"3"
36472,"1"
36473,"2"
36474,"2"
36475,"3"
36476,"3"
36477,"3"
36478,"2"
36479,"2"
36480,"2"
36481,"1"
36482,"2"
36483,"1"
36484,"2"
36485,"2"
36486,"2"
36487,"2"
36488,"2"
36489,"1"
36490,"1"
36491,"1"
36492,"2"
36493,"1"
36494,"1"
36495,"2"
36496,"1"
36497,"1"
36498,"1"
36499,"3"
36500,"1"
36501,"1"
36502,"3"
36503,"3"
36504,"2"
36505,"3"
36506,"3"
36507,"3"
36508,"1"
36509,"1"
36510,"3"
36511,"2"
36512,"2"
36513,"3"
36514,"3"
36515,"2"
36516,"3"
36517,"1"
36518,"1"
36519,"1"
36520,"2"
36521,"2"
36522,"1"
36523,"3"
36524,"1"
36525,"1"
36526,"2"
36527,"1"
36528,"1"
36529,"2"
36530,"2"
36531,"2"
36532,"1"
36533,"3"
36534,"2"
36535,"1"
36536,"3"
36537,"2"
36538,"3"
36539,"1"
36540,"2"
36541,"1"
36542,"1"
36543,"1"
36544,"3"
36545,"3"
36546,"3"
36547,"1"
36548,"2"
36549,"1"
36550,"3"
36551,"1"
36552,"2"
36553,"3"
36554,"2"
36555,"3"
36556,"1"
36557,"3"
36558,"3"
36559,"1"
36560,"1"
36561,"2"
36562,"3"
36563,"1"
36564,"1"
36565,"3"
36566,"3"
36567,"1"
36568,"3"
36569,"2"
36570,"2"
36571,"2"
36572,"1"
36573,"3"
36574,"3"
36575,"2"
36576,"3"
36577,"2"
36578,"1"
36579,"1"
36580,"1"
36581,"3"
36582,"3"
36583,"2"
36584,"2"
36585,"2"
36586,"2"
36587,"3"
36588,"2"
36589,"2"
36590,"1"
36591,"1"
36592,"1"
36593,"3"
36594,"3"
36595,"1"
36596,"3"
36597,"2"
36598,"1"
36599,"3"
36600,"2"
36601,"2"
36602,"1"
36603,"3"
36604,"1"
36605,"2"
36606,"3"
36607,"2"
36608,"1"
36609,"1"
36610,"2"
36611,"1"
36612,"3"
36613,"3"
36614,"3"
36615,"2"
36616,"1"
36617,"3"
36618,"2"
36619,"3"
36620,"2"
36621,"3"
36622,"1"
36623,"3"
36624,"2"
36625,"2"
36626,"2"
36627,"1"
36628,"3"
36629,"1"
36630,"3"
36631,"1"
36632,"1"
36633,"2"
36634,"1"
36635,"3"
36636,"1"
36637,"2"
36638,"2"
36639,"2"
36640,"3"
36641,"1"
36642,"2"
36643,"2"
36644,"3"
36645,"2"
36646,"2"
36647,"3"
36648,"2"
36649,"1"
36650,"1"
36651,"3"
36652,"2"
36653,"1"
36654,"3"
36655,"3"
36656,"3"
36657,"3"
36658,"3"
36659,"1"
36660,"1"
36661,"2"
36662,"1"
36663,"3"
36664,"1"
36665,"3"
36666,"2"
36667,"1"
36668,"2"
36669,"3"
36670,"3"
36671,"1"
36672,"3"
36673,"2"
36674,"1"
36675,"1"
36676,"1"
36677,"2"
36678,"1"
36679,"1"
36680,"2"
36681,"1"
36682,"3"
36683,"3"
36684,"2"
36685,"3"
36686,"2"
36687,"3"
36688,"2"
36689,"2"
36690,"1"
36691,"3"
36692,"1"
36693,"2"
36694,"2"
36695,"1"
36696,"3"
36697,"1"
36698,"2"
36699,"1"
36700,"1"
36701,"1"
36702,"3"
36703,"1"
36704,"2"
36705,"3"
36706,"3"
36707,"1"
36708,"1"
36709,"3"
36710,"1"
36711,"1"
36712,"1"
36713,"1"
36714,"1"
36715,"3"
36716,"1"
36717,"1"
36718,"3"
36719,"1"
36720,"1"
36721,"3"
36722,"2"
36723,"2"
36724,"3"
36725,"2"
36726,"2"
36727,"3"
36728,"3"
36729,"1"
36730,"1"
36731,"3"
36732,"2"
36733,"1"
36734,"1"
36735,"3"
36736,"2"
36737,"2"
36738,"3"
36739,"3"
36740,"3"
36741,"2"
36742,"3"
36743,"3"
36744,"1"
36745,"1"
36746,"1"
36747,"1"
36748,"1"
36749,"2"
36750,"2"
36751,"3"
36752,"2"
36753,"2"
36754,"1"
36755,"2"
36756,"3"
36757,"1"
36758,"2"
36759,"1"
36760,"3"
36761,"2"
36762,"2"
36763,"1"
36764,"3"
36765,"1"
36766,"3"
36767,"1"
36768,"3"
36769,"1"
36770,"2"
36771,"3"
36772,"2"
36773,"2"
36774,"3"
36775,"2"
36776,"3"
36777,"3"
36778,"1"
36779,"3"
36780,"1"
36781,"3"
36782,"3"
36783,"3"
36784,"2"
36785,"2"
36786,"3"
36787,"1"
36788,"2"
36789,"3"
36790,"1"
36791,"3"
36792,"2"
36793,"3"
36794,"1"
36795,"3"
36796,"2"
36797,"3"
36798,"1"
36799,"3"
36800,"3"
36801,"3"
36802,"2"
36803,"2"
36804,"3"
36805,"2"
36806,"3"
36807,"2"
36808,"1"
36809,"3"
36810,"1"
36811,"3"
36812,"2"
36813,"1"
36814,"3"
36815,"1"
36816,"3"
36817,"2"
36818,"1"
36819,"2"
36820,"1"
36821,"3"
36822,"1"
36823,"2"
36824,"3"
36825,"1"
36826,"3"
36827,"1"
36828,"1"
36829,"1"
36830,"2"
36831,"1"
36832,"2"
36833,"2"
36834,"3"
36835,"1"
36836,"3"
36837,"1"
36838,"2"
36839,"3"
36840,"1"
36841,"2"
36842,"2"
36843,"1"
36844,"2"
36845,"1"
36846,"3"
36847,"3"
36848,"3"
36849,"2"
36850,"1"
36851,"2"
36852,"2"
36853,"3"
36854,"1"
36855,"3"
36856,"1"
36857,"2"
36858,"2"
36859,"1"
36860,"3"
36861,"3"
36862,"3"
36863,"3"
36864,"1"
36865,"2"
36866,"2"
36867,"3"
36868,"3"
36869,"2"
36870,"2"
36871,"1"
36872,"1"
36873,"1"
36874,"1"
36875,"3"
36876,"3"
36877,"1"
36878,"2"
36879,"2"
36880,"3"
36881,"1"
36882,"1"
36883,"3"
36884,"3"
36885,"1"
36886,"1"
36887,"1"
36888,"3"
36889,"3"
36890,"2"
36891,"2"
36892,"3"
36893,"1"
36894,"2"
36895,"3"
36896,"3"
36897,"1"
36898,"1"
36899,"3"
36900,"3"
36901,"1"
36902,"3"
36903,"3"
36904,"3"
36905,"2"
36906,"1"
36907,"3"
36908,"3"
36909,"3"
36910,"1"
36911,"3"
36912,"1"
36913,"2"
36914,"3"
36915,"2"
36916,"3"
36917,"1"
36918,"1"
36919,"1"
36920,"1"
36921,"3"
36922,"3"
36923,"2"
36924,"2"
36925,"3"
36926,"3"
36927,"1"
36928,"1"
36929,"3"
36930,"2"
36931,"3"
36932,"2"
36933,"1"
36934,"3"
36935,"1"
36936,"2"
36937,"1"
36938,"3"
36939,"1"
36940,"1"
36941,"2"
36942,"1"
36943,"2"
36944,"3"
36945,"3"
36946,"1"
36947,"3"
36948,"1"
36949,"2"
36950,"1"
36951,"1"
36952,"1"
36953,"3"
36954,"2"
36955,"3"
36956,"1"
36957,"1"
36958,"3"
36959,"2"
36960,"2"
36961,"3"
36962,"3"
36963,"2"
36964,"3"
36965,"2"
36966,"3"
36967,"1"
36968,"1"
36969,"1"
36970,"1"
36971,"1"
36972,"3"
36973,"3"
36974,"1"
36975,"1"
36976,"3"
36977,"3"
36978,"3"
36979,"3"
36980,"3"
36981,"3"
36982,"3"
36983,"3"
36984,"2"
36985,"2"
36986,"1"
36987,"3"
36988,"1"
36989,"2"
36990,"3"
36991,"2"
36992,"3"
36993,"3"
36994,"3"
36995,"2"
36996,"1"
36997,"2"
36998,"2"
36999,"3"
37000,"2"
37001,"1"
37002,"2"
37003,"2"
37004,"1"
37005,"1"
37006,"2"
37007,"3"
37008,"3"
37009,"3"
37010,"3"
37011,"3"
37012,"3"
37013,"3"
37014,"1"
37015,"3"
37016,"1"
37017,"2"
37018,"1"
37019,"2"
37020,"1"
37021,"3"
37022,"3"
37023,"2"
37024,"3"
37025,"1"
37026,"2"
37027,"3"
37028,"3"
37029,"2"
37030,"1"
37031,"2"
37032,"2"
37033,"1"
37034,"1"
37035,"1"
37036,"2"
37037,"2"
37038,"1"
37039,"1"
37040,"1"
37041,"1"
37042,"2"
37043,"2"
37044,"1"
37045,"1"
37046,"3"
37047,"3"
37048,"2"
37049,"2"
37050,"2"
37051,"2"
37052,"1"
37053,"1"
37054,"2"
37055,"3"
37056,"3"
37057,"1"
37058,"2"
37059,"1"
37060,"3"
37061,"2"
37062,"2"
37063,"2"
37064,"3"
37065,"1"
37066,"3"
37067,"1"
37068,"3"
37069,"3"
37070,"3"
37071,"3"
37072,"3"
37073,"2"
37074,"3"
37075,"2"
37076,"3"
37077,"1"
37078,"2"
37079,"3"
37080,"1"
37081,"2"
37082,"2"
37083,"1"
37084,"1"
37085,"3"
37086,"3"
37087,"3"
37088,"1"
37089,"2"
37090,"3"
37091,"2"
37092,"3"
37093,"3"
37094,"3"
37095,"2"
37096,"2"
37097,"1"
37098,"3"
37099,"3"
37100,"3"
37101,"3"
37102,"3"
37103,"1"
37104,"1"
37105,"1"
37106,"3"
37107,"1"
37108,"2"
37109,"1"
37110,"1"
37111,"2"
37112,"1"
37113,"3"
37114,"1"
37115,"3"
37116,"2"
37117,"2"
37118,"1"
37119,"1"
37120,"2"
37121,"1"
37122,"2"
37123,"3"
37124,"2"
37125,"1"
37126,"3"
37127,"1"
37128,"3"
37129,"1"
37130,"3"
37131,"1"
37132,"2"
37133,"2"
37134,"1"
37135,"1"
37136,"1"
37137,"2"
37138,"2"
37139,"3"
37140,"3"
37141,"3"
37142,"3"
37143,"1"
37144,"3"
37145,"2"
37146,"2"
37147,"1"
37148,"3"
37149,"1"
37150,"1"
37151,"3"
37152,"3"
37153,"2"
37154,"3"
37155,"3"
37156,"1"
37157,"1"
37158,"1"
37159,"3"
37160,"3"
37161,"1"
37162,"3"
37163,"1"
37164,"2"
37165,"2"
37166,"3"
37167,"2"
37168,"1"
37169,"2"
37170,"3"
37171,"3"
37172,"2"
37173,"1"
37174,"2"
37175,"1"
37176,"3"
37177,"1"
37178,"2"
37179,"3"
37180,"1"
37181,"3"
37182,"3"
37183,"3"
37184,"2"
37185,"1"
37186,"3"
37187,"2"
37188,"1"
37189,"3"
37190,"1"
37191,"1"
37192,"3"
37193,"1"
37194,"1"
37195,"3"
37196,"1"
37197,"2"
37198,"2"
37199,"1"
37200,"3"
37201,"2"
37202,"3"
37203,"1"
37204,"2"
37205,"1"
37206,"2"
37207,"3"
37208,"3"
37209,"3"
37210,"3"
37211,"1"
37212,"2"
37213,"3"
37214,"3"
37215,"3"
37216,"2"
37217,"1"
37218,"3"
37219,"3"
37220,"3"
37221,"3"
37222,"1"
37223,"1"
37224,"3"
37225,"2"
37226,"1"
37227,"1"
37228,"3"
37229,"2"
37230,"2"
37231,"1"
37232,"2"
37233,"1"
37234,"3"
37235,"1"
37236,"2"
37237,"1"
37238,"3"
37239,"3"
37240,"3"
37241,"3"
37242,"3"
37243,"1"
37244,"2"
37245,"1"
37246,"2"
37247,"3"
37248,"3"
37249,"1"
37250,"3"
37251,"2"
37252,"3"
37253,"2"
37254,"1"
37255,"1"
37256,"2"
37257,"2"
37258,"3"
37259,"1"
37260,"1"
37261,"3"
37262,"2"
37263,"3"
37264,"3"
37265,"1"
37266,"1"
37267,"3"
37268,"1"
37269,"3"
37270,"3"
37271,"3"
37272,"3"
37273,"1"
37274,"3"
37275,"1"
37276,"3"
37277,"3"
37278,"1"
37279,"2"
37280,"1"
37281,"2"
37282,"3"
37283,"3"
37284,"3"
37285,"3"
37286,"3"
37287,"2"
37288,"2"
37289,"1"
37290,"2"
37291,"3"
37292,"3"
37293,"1"
37294,"1"
37295,"3"
37296,"1"
37297,"1"
37298,"2"
37299,"2"
37300,"1"
37301,"1"
37302,"2"
37303,"3"
37304,"2"
37305,"2"
37306,"2"
37307,"1"
37308,"1"
37309,"3"
37310,"1"
37311,"2"
37312,"3"
37313,"3"
37314,"3"
37315,"3"
37316,"2"
37317,"1"
37318,"3"
37319,"3"
37320,"3"
37321,"3"
37322,"2"
37323,"1"
37324,"1"
37325,"3"
37326,"1"
37327,"3"
37328,"2"
37329,"1"
37330,"1"
37331,"3"
37332,"1"
37333,"1"
37334,"3"
37335,"2"
37336,"1"
37337,"1"
37338,"1"
37339,"3"
37340,"2"
37341,"2"
37342,"2"
37343,"1"
37344,"1"
37345,"2"
37346,"2"
37347,"3"
37348,"3"
37349,"3"
37350,"1"
37351,"3"
37352,"1"
37353,"1"
37354,"3"
37355,"1"
37356,"1"
37357,"3"
37358,"3"
37359,"3"
37360,"3"
37361,"2"
37362,"3"
37363,"3"
37364,"1"
37365,"3"
37366,"1"
37367,"1"
37368,"2"
37369,"3"
37370,"1"
37371,"1"
37372,"2"
37373,"3"
37374,"3"
37375,"2"
37376,"1"
37377,"2"
37378,"1"
37379,"3"
37380,"3"
37381,"1"
37382,"3"
37383,"3"
37384,"1"
37385,"3"
37386,"1"
37387,"3"
37388,"1"
37389,"1"
37390,"1"
37391,"2"
37392,"3"
37393,"1"
37394,"2"
37395,"3"
37396,"3"
37397,"2"
37398,"1"
37399,"1"
37400,"1"
37401,"3"
37402,"1"
37403,"3"
37404,"2"
37405,"3"
37406,"2"
37407,"3"
37408,"3"
37409,"3"
37410,"1"
37411,"3"
37412,"1"
37413,"3"
37414,"1"
37415,"3"
37416,"1"
37417,"2"
37418,"3"
37419,"3"
37420,"1"
37421,"1"
37422,"3"
37423,"1"
37424,"3"
37425,"3"
37426,"3"
37427,"1"
37428,"1"
37429,"3"
37430,"2"
37431,"3"
37432,"3"
37433,"2"
37434,"2"
37435,"3"
37436,"2"
37437,"3"
37438,"1"
37439,"1"
37440,"2"
37441,"1"
37442,"3"
37443,"3"
37444,"3"
37445,"3"
37446,"1"
37447,"3"
37448,"1"
37449,"3"
37450,"1"
37451,"1"
37452,"3"
37453,"2"
37454,"3"
37455,"3"
37456,"1"
37457,"2"
37458,"2"
37459,"3"
37460,"1"
37461,"1"
37462,"2"
37463,"3"
37464,"1"
37465,"3"
37466,"3"
37467,"1"
37468,"1"
37469,"1"
37470,"3"
37471,"2"
37472,"1"
37473,"2"
37474,"3"
37475,"2"
37476,"2"
37477,"2"
37478,"3"
37479,"2"
37480,"1"
37481,"1"
37482,"1"
37483,"2"
37484,"1"
37485,"3"
37486,"2"
37487,"2"
37488,"2"
37489,"1"
37490,"1"
37491,"3"
37492,"2"
37493,"3"
37494,"2"
37495,"3"
37496,"2"
37497,"1"
37498,"1"
37499,"2"
37500,"3"
37501,"1"
37502,"1"
37503,"3"
37504,"1"
37505,"1"
37506,"1"
37507,"3"
37508,"3"
37509,"3"
37510,"3"
37511,"3"
37512,"3"
37513,"3"
37514,"2"
37515,"3"
37516,"1"
37517,"2"
37518,"3"
37519,"3"
37520,"3"
37521,"2"
37522,"1"
37523,"1"
37524,"2"
37525,"3"
37526,"3"
37527,"2"
37528,"2"
37529,"2"
37530,"3"
37531,"2"
37532,"1"
37533,"1"
37534,"2"
37535,"2"
37536,"2"
37537,"3"
37538,"3"
37539,"2"
37540,"1"
37541,"2"
37542,"2"
37543,"1"
37544,"1"
37545,"3"
37546,"3"
37547,"3"
37548,"2"
37549,"3"
37550,"1"
37551,"3"
37552,"1"
37553,"3"
37554,"3"
37555,"3"
37556,"2"
37557,"3"
37558,"1"
37559,"1"
37560,"2"
37561,"1"
37562,"1"
37563,"3"
37564,"1"
37565,"2"
37566,"3"
37567,"1"
37568,"1"
37569,"3"
37570,"3"
37571,"2"
37572,"1"
37573,"2"
37574,"1"
37575,"1"
37576,"2"
37577,"1"
37578,"2"
37579,"3"
37580,"3"
37581,"1"
37582,"1"
37583,"3"
37584,"3"
37585,"3"
37586,"1"
37587,"3"
37588,"1"
37589,"3"
37590,"3"
37591,"3"
37592,"2"
37593,"1"
37594,"1"
37595,"1"
37596,"2"
37597,"2"
37598,"1"
37599,"3"
37600,"1"
37601,"1"
37602,"3"
37603,"1"
37604,"3"
37605,"2"
37606,"2"
37607,"2"
37608,"3"
37609,"1"
37610,"3"
37611,"2"
37612,"2"
37613,"1"
37614,"1"
37615,"1"
37616,"3"
37617,"1"
37618,"2"
37619,"3"
37620,"3"
37621,"1"
37622,"1"
37623,"3"
37624,"1"
37625,"3"
37626,"3"
37627,"1"
37628,"3"
37629,"1"
37630,"2"
37631,"1"
37632,"1"
37633,"3"
37634,"3"
37635,"3"
37636,"1"
37637,"1"
37638,"1"
37639,"1"
37640,"1"
37641,"2"
37642,"1"
37643,"1"
37644,"3"
37645,"3"
37646,"2"
37647,"3"
37648,"1"
37649,"1"
37650,"1"
37651,"1"
37652,"1"
37653,"3"
37654,"1"
37655,"3"
37656,"1"
37657,"1"
37658,"3"
37659,"3"
37660,"2"
37661,"1"
37662,"1"
37663,"2"
37664,"1"
37665,"2"
37666,"3"
37667,"1"
37668,"2"
37669,"2"
37670,"1"
37671,"1"
37672,"1"
37673,"3"
37674,"1"
37675,"3"
37676,"1"
37677,"1"
37678,"1"
37679,"1"
37680,"2"
37681,"1"
37682,"2"
37683,"3"
37684,"2"
37685,"3"
37686,"2"
37687,"1"
37688,"3"
37689,"2"
37690,"2"
37691,"1"
37692,"1"
37693,"1"
37694,"3"
37695,"2"
37696,"1"
37697,"2"
37698,"1"
37699,"3"
37700,"2"
37701,"1"
37702,"2"
37703,"3"
37704,"1"
37705,"3"
37706,"2"
37707,"3"
37708,"3"
37709,"1"
37710,"2"
37711,"2"
37712,"3"
37713,"1"
37714,"1"
37715,"3"
37716,"1"
37717,"1"
37718,"2"
37719,"3"
37720,"2"
37721,"1"
37722,"1"
37723,"2"
37724,"3"
37725,"2"
37726,"2"
37727,"3"
37728,"1"
37729,"3"
37730,"1"
37731,"2"
37732,"3"
37733,"1"
37734,"2"
37735,"1"
37736,"3"
37737,"1"
37738,"1"
37739,"1"
37740,"2"
37741,"1"
37742,"3"
37743,"1"
37744,"1"
37745,"1"
37746,"1"
37747,"3"
37748,"1"
37749,"1"
37750,"2"
37751,"1"
37752,"3"
37753,"3"
37754,"3"
37755,"1"
37756,"2"
37757,"3"
37758,"3"
37759,"1"
37760,"3"
37761,"2"
37762,"1"
37763,"3"
37764,"1"
37765,"2"
37766,"1"
37767,"1"
37768,"3"
37769,"3"
37770,"3"
37771,"1"
37772,"3"
37773,"1"
37774,"1"
37775,"3"
37776,"3"
37777,"2"
37778,"3"
37779,"3"
37780,"1"
37781,"1"
37782,"3"
37783,"1"
37784,"3"
37785,"3"
37786,"3"
37787,"1"
37788,"1"
37789,"2"
37790,"3"
37791,"3"
37792,"1"
37793,"3"
37794,"2"
37795,"3"
37796,"3"
37797,"3"
37798,"3"
37799,"3"
37800,"2"
37801,"1"
37802,"3"
37803,"2"
37804,"3"
37805,"1"
37806,"1"
37807,"2"
37808,"2"
37809,"3"
37810,"1"
37811,"3"
37812,"3"
37813,"3"
37814,"3"
37815,"1"
37816,"3"
37817,"3"
37818,"1"
37819,"1"
37820,"3"
37821,"1"
37822,"3"
37823,"3"
37824,"3"
37825,"3"
37826,"2"
37827,"1"
37828,"3"
37829,"2"
37830,"1"
37831,"2"
37832,"2"
37833,"3"
37834,"1"
37835,"1"
37836,"2"
37837,"3"
37838,"1"
37839,"3"
37840,"3"
37841,"3"
37842,"1"
37843,"3"
37844,"1"
37845,"3"
37846,"3"
37847,"1"
37848,"1"
37849,"1"
37850,"2"
37851,"1"
37852,"1"
37853,"3"
37854,"3"
37855,"2"
37856,"3"
37857,"2"
37858,"3"
37859,"3"
37860,"2"
37861,"1"
37862,"3"
37863,"2"
37864,"2"
37865,"2"
37866,"2"
37867,"2"
37868,"3"
37869,"3"
37870,"2"
37871,"3"
37872,"3"
37873,"1"
37874,"2"
37875,"3"
37876,"2"
37877,"3"
37878,"1"
37879,"2"
37880,"3"
37881,"1"
37882,"3"
37883,"1"
37884,"1"
37885,"3"
37886,"2"
37887,"1"
37888,"3"
37889,"3"
37890,"2"
37891,"1"
37892,"3"
37893,"1"
37894,"2"
37895,"3"
37896,"1"
37897,"3"
37898,"3"
37899,"2"
37900,"1"
37901,"3"
37902,"1"
37903,"1"
37904,"3"
37905,"1"
37906,"3"
37907,"1"
37908,"3"
37909,"1"
37910,"2"
37911,"3"
37912,"3"
37913,"3"
37914,"1"
37915,"3"
37916,"2"
37917,"3"
37918,"2"
37919,"2"
37920,"3"
37921,"1"
37922,"3"
37923,"2"
37924,"1"
37925,"1"
37926,"1"
37927,"3"
37928,"3"
37929,"1"
37930,"3"
37931,"3"
37932,"1"
37933,"3"
37934,"1"
37935,"3"
37936,"3"
37937,"1"
37938,"3"
37939,"3"
37940,"3"
37941,"1"
37942,"1"
37943,"3"
37944,"2"
37945,"3"
37946,"1"
37947,"1"
37948,"1"
37949,"1"
37950,"3"
37951,"3"
37952,"3"
37953,"2"
37954,"2"
37955,"1"
37956,"1"
37957,"3"
37958,"3"
37959,"1"
37960,"3"
37961,"1"
37962,"2"
37963,"1"
37964,"2"
37965,"1"
37966,"1"
37967,"1"
37968,"1"
37969,"3"
37970,"2"
37971,"3"
37972,"3"
37973,"3"
37974,"3"
37975,"2"
37976,"3"
37977,"1"
37978,"1"
37979,"1"
37980,"1"
37981,"3"
37982,"2"
37983,"3"
37984,"1"
37985,"2"
37986,"2"
37987,"1"
37988,"1"
37989,"1"
37990,"1"
37991,"2"
37992,"1"
37993,"1"
37994,"3"
37995,"2"
37996,"1"
37997,"3"
37998,"2"
37999,"1"
38000,"2"
38001,"3"
38002,"2"
38003,"3"
38004,"2"
38005,"1"
38006,"2"
38007,"3"
38008,"3"
38009,"3"
38010,"2"
38011,"2"
38012,"3"
38013,"2"
38014,"1"
38015,"2"
38016,"2"
38017,"3"
38018,"2"
38019,"2"
38020,"1"
38021,"3"
38022,"2"
38023,"2"
38024,"2"
38025,"2"
38026,"3"
38027,"1"
38028,"1"
38029,"1"
38030,"2"
38031,"3"
38032,"2"
38033,"1"
38034,"1"
38035,"3"
38036,"3"
38037,"1"
38038,"1"
38039,"3"
38040,"2"
38041,"1"
38042,"2"
38043,"2"
38044,"3"
38045,"2"
38046,"1"
38047,"3"
38048,"3"
38049,"3"
38050,"3"
38051,"1"
38052,"1"
38053,"1"
38054,"2"
38055,"2"
38056,"3"
38057,"3"
38058,"3"
38059,"2"
38060,"2"
38061,"3"
38062,"2"
38063,"1"
38064,"1"
38065,"1"
38066,"2"
38067,"1"
38068,"3"
38069,"1"
38070,"3"
38071,"1"
38072,"1"
38073,"1"
38074,"3"
38075,"1"
38076,"2"
38077,"1"
38078,"3"
38079,"3"
38080,"2"
38081,"3"
38082,"2"
38083,"1"
38084,"1"
38085,"3"
38086,"3"
38087,"3"
38088,"1"
38089,"3"
38090,"2"
38091,"2"
38092,"2"
38093,"2"
38094,"3"
38095,"2"
38096,"1"
38097,"3"
38098,"3"
38099,"3"
38100,"1"
38101,"1"
38102,"1"
38103,"1"
38104,"1"
38105,"3"
38106,"2"
38107,"3"
38108,"1"
38109,"3"
38110,"1"
38111,"1"
38112,"1"
38113,"2"
38114,"2"
38115,"3"
38116,"1"
38117,"3"
38118,"3"
38119,"1"
38120,"3"
38121,"2"
38122,"1"
38123,"3"
38124,"2"
38125,"2"
38126,"3"
38127,"1"
38128,"1"
38129,"1"
38130,"3"
38131,"1"
38132,"3"
38133,"3"
38134,"1"
38135,"2"
38136,"3"
38137,"2"
38138,"1"
38139,"3"
38140,"3"
38141,"3"
38142,"1"
38143,"2"
38144,"1"
38145,"3"
38146,"2"
38147,"2"
38148,"2"
38149,"3"
38150,"3"
38151,"1"
38152,"3"
38153,"3"
38154,"1"
38155,"3"
38156,"2"
38157,"1"
38158,"3"
38159,"3"
38160,"2"
38161,"1"
38162,"1"
38163,"1"
38164,"3"
38165,"2"
38166,"3"
38167,"1"
38168,"1"
38169,"3"
38170,"2"
38171,"2"
38172,"1"
38173,"2"
38174,"3"
38175,"2"
38176,"3"
38177,"3"
38178,"3"
38179,"1"
38180,"2"
38181,"2"
38182,"2"
38183,"3"
38184,"3"
38185,"2"
38186,"1"
38187,"3"
38188,"1"
38189,"3"
38190,"1"
38191,"1"
38192,"3"
38193,"2"
38194,"3"
38195,"3"
38196,"3"
38197,"2"
38198,"2"
38199,"3"
38200,"1"
38201,"2"
38202,"1"
38203,"1"
38204,"3"
38205,"3"
38206,"2"
38207,"1"
38208,"2"
38209,"1"
38210,"1"
38211,"3"
38212,"3"
38213,"3"
38214,"1"
38215,"3"
38216,"3"
38217,"3"
38218,"3"
38219,"1"
38220,"1"
38221,"2"
38222,"1"
38223,"1"
38224,"1"
38225,"1"
38226,"1"
38227,"2"
38228,"3"
38229,"1"
38230,"1"
38231,"2"
38232,"2"
38233,"2"
38234,"1"
38235,"3"
38236,"1"
38237,"1"
38238,"2"
38239,"2"
38240,"3"
38241,"3"
38242,"2"
38243,"3"
38244,"3"
38245,"2"
38246,"3"
38247,"3"
38248,"1"
38249,"2"
38250,"3"
38251,"1"
38252,"3"
38253,"1"
38254,"3"
38255,"3"
38256,"2"
38257,"1"
38258,"1"
38259,"3"
38260,"2"
38261,"1"
38262,"1"
38263,"2"
38264,"2"
38265,"3"
38266,"3"
38267,"3"
38268,"1"
38269,"2"
38270,"1"
38271,"1"
38272,"3"
38273,"1"
38274,"3"
38275,"3"
38276,"1"
38277,"1"
38278,"1"
38279,"2"
38280,"3"
38281,"1"
38282,"1"
38283,"1"
38284,"1"
38285,"2"
38286,"2"
38287,"1"
38288,"2"
38289,"2"
38290,"2"
38291,"2"
38292,"3"
38293,"3"
38294,"2"
38295,"2"
38296,"1"
38297,"1"
38298,"2"
38299,"1"
38300,"1"
38301,"1"
38302,"1"
38303,"1"
38304,"1"
38305,"1"
38306,"1"
38307,"1"
38308,"1"
38309,"3"
38310,"2"
38311,"3"
38312,"2"
38313,"3"
38314,"2"
38315,"1"
38316,"3"
38317,"3"
38318,"1"
38319,"2"
38320,"2"
38321,"2"
38322,"3"
38323,"3"
38324,"3"
38325,"1"
38326,"1"
38327,"1"
38328,"1"
38329,"3"
38330,"2"
38331,"3"
38332,"3"
38333,"1"
38334,"1"
38335,"3"
38336,"3"
38337,"1"
38338,"2"
38339,"2"
38340,"2"
38341,"2"
38342,"2"
38343,"2"
38344,"2"
38345,"2"
38346,"1"
38347,"2"
38348,"3"
38349,"1"
38350,"2"
38351,"2"
38352,"2"
38353,"1"
38354,"1"
38355,"3"
38356,"1"
38357,"3"
38358,"1"
38359,"2"
38360,"3"
38361,"2"
38362,"3"
38363,"3"
38364,"3"
38365,"1"
38366,"1"
38367,"2"
38368,"1"
38369,"1"
38370,"3"
38371,"2"
38372,"1"
38373,"2"
38374,"3"
38375,"1"
38376,"2"
38377,"1"
38378,"3"
38379,"3"
38380,"1"
38381,"3"
38382,"2"
38383,"1"
38384,"3"
38385,"3"
38386,"2"
38387,"1"
38388,"3"
38389,"2"
38390,"1"
38391,"3"
38392,"3"
38393,"3"
38394,"1"
38395,"1"
38396,"2"
38397,"2"
38398,"1"
38399,"1"
38400,"1"
38401,"3"
38402,"3"
38403,"3"
38404,"1"
38405,"3"
38406,"2"
38407,"2"
38408,"3"
38409,"1"
38410,"3"
38411,"2"
38412,"2"
38413,"3"
38414,"1"
38415,"1"
38416,"2"
38417,"3"
38418,"2"
38419,"2"
38420,"1"
38421,"2"
38422,"3"
38423,"1"
38424,"1"
38425,"1"
38426,"3"
38427,"3"
38428,"1"
38429,"2"
38430,"1"
38431,"3"
38432,"3"
38433,"3"
38434,"1"
38435,"1"
38436,"3"
38437,"1"
38438,"2"
38439,"2"
38440,"3"
38441,"3"
38442,"1"
38443,"1"
38444,"2"
38445,"3"
38446,"1"
38447,"1"
38448,"1"
38449,"3"
38450,"2"
38451,"2"
38452,"1"
38453,"1"
38454,"3"
38455,"3"
38456,"1"
38457,"2"
38458,"1"
38459,"1"
38460,"1"
38461,"1"
38462,"3"
38463,"1"
38464,"3"
38465,"2"
38466,"1"
38467,"1"
38468,"3"
38469,"3"
38470,"1"
38471,"2"
38472,"2"
38473,"2"
38474,"1"
38475,"3"
38476,"2"
38477,"1"
38478,"2"
38479,"3"
38480,"1"
38481,"3"
38482,"1"
38483,"2"
38484,"3"
38485,"1"
38486,"1"
38487,"1"
38488,"3"
38489,"3"
38490,"2"
38491,"1"
38492,"2"
38493,"1"
38494,"1"
38495,"3"
38496,"3"
38497,"1"
38498,"3"
38499,"1"
38500,"1"
38501,"1"
38502,"2"
38503,"2"
38504,"2"
38505,"2"
38506,"1"
38507,"3"
38508,"2"
38509,"2"
38510,"2"
38511,"3"
38512,"2"
38513,"3"
38514,"1"
38515,"3"
38516,"3"
38517,"2"
38518,"3"
38519,"2"
38520,"1"
38521,"3"
38522,"2"
38523,"2"
38524,"3"
38525,"1"
38526,"2"
38527,"1"
38528,"2"
38529,"1"
38530,"2"
38531,"3"
38532,"3"
38533,"2"
38534,"3"
38535,"2"
38536,"2"
38537,"2"
38538,"2"
38539,"1"
38540,"1"
38541,"3"
38542,"1"
38543,"1"
38544,"2"
38545,"1"
38546,"3"
38547,"3"
38548,"1"
38549,"1"
38550,"2"
38551,"2"
38552,"2"
38553,"1"
38554,"1"
38555,"1"
38556,"3"
38557,"2"
38558,"1"
38559,"1"
38560,"1"
38561,"3"
38562,"3"
38563,"3"
38564,"1"
38565,"2"
38566,"1"
38567,"3"
38568,"1"
38569,"2"
38570,"2"
38571,"2"
38572,"2"
38573,"1"
38574,"3"
38575,"2"
38576,"2"
38577,"1"
38578,"3"
38579,"1"
38580,"3"
38581,"1"
38582,"2"
38583,"2"
38584,"3"
38585,"1"
38586,"3"
38587,"2"
38588,"1"
38589,"3"
38590,"1"
38591,"1"
38592,"3"
38593,"1"
38594,"1"
38595,"3"
38596,"2"
38597,"1"
38598,"2"
38599,"3"
38600,"2"
38601,"1"
38602,"1"
38603,"2"
38604,"2"
38605,"1"
38606,"3"
38607,"3"
38608,"1"
38609,"2"
38610,"3"
38611,"3"
38612,"1"
38613,"1"
38614,"3"
38615,"2"
38616,"3"
38617,"1"
38618,"1"
38619,"1"
38620,"2"
38621,"3"
38622,"3"
38623,"2"
38624,"3"
38625,"2"
38626,"1"
38627,"1"
38628,"1"
38629,"3"
38630,"3"
38631,"3"
38632,"1"
38633,"3"
38634,"3"
38635,"2"
38636,"3"
38637,"3"
38638,"2"
38639,"1"
38640,"1"
38641,"2"
38642,"1"
38643,"1"
38644,"1"
38645,"1"
38646,"3"
38647,"1"
38648,"3"
38649,"2"
38650,"2"
38651,"1"
38652,"1"
38653,"2"
38654,"1"
38655,"2"
38656,"3"
38657,"2"
38658,"3"
38659,"1"
38660,"3"
38661,"3"
38662,"2"
38663,"3"
38664,"1"
38665,"1"
38666,"3"
38667,"1"
38668,"2"
38669,"1"
38670,"1"
38671,"3"
38672,"1"
38673,"1"
38674,"3"
38675,"2"
38676,"3"
38677,"3"
38678,"3"
38679,"3"
38680,"3"
38681,"3"
38682,"1"
38683,"3"
38684,"3"
38685,"1"
38686,"3"
38687,"1"
38688,"3"
38689,"3"
38690,"1"
38691,"2"
38692,"1"
38693,"3"
38694,"2"
38695,"1"
38696,"3"
38697,"2"
38698,"3"
38699,"1"
38700,"2"
38701,"4"
38702,"1"
38703,"2"
38704,"3"
38705,"3"
38706,"2"
38707,"3"
38708,"1"
38709,"3"
38710,"3"
38711,"1"
38712,"3"
38713,"1"
38714,"1"
38715,"1"
38716,"2"
38717,"2"
38718,"3"
38719,"1"
38720,"3"
38721,"2"
38722,"1"
38723,"3"
38724,"1"
38725,"2"
38726,"1"
38727,"3"
38728,"3"
38729,"2"
38730,"2"
38731,"2"
38732,"2"
38733,"3"
38734,"2"
38735,"2"
38736,"3"
38737,"3"
38738,"2"
38739,"1"
38740,"1"
38741,"2"
38742,"3"
38743,"1"
38744,"2"
38745,"1"
38746,"3"
38747,"3"
38748,"3"
38749,"3"
38750,"2"
38751,"2"
38752,"2"
38753,"2"
38754,"1"
38755,"1"
38756,"3"
38757,"1"
38758,"1"
38759,"1"
38760,"1"
38761,"3"
38762,"3"
38763,"3"
38764,"1"
38765,"2"
38766,"1"
38767,"3"
38768,"1"
38769,"1"
38770,"3"
38771,"3"
38772,"1"
38773,"1"
38774,"3"
38775,"2"
38776,"3"
38777,"3"
38778,"2"
38779,"2"
38780,"1"
38781,"3"
38782,"1"
38783,"2"
38784,"1"
38785,"3"
38786,"3"
38787,"3"
38788,"3"
38789,"1"
38790,"3"
38791,"2"
38792,"3"
38793,"2"
38794,"2"
38795,"3"
38796,"2"
38797,"2"
38798,"1"
38799,"2"
38800,"2"
38801,"2"
38802,"1"
38803,"1"
38804,"2"
38805,"3"
38806,"1"
38807,"1"
38808,"1"
38809,"3"
38810,"3"
38811,"3"
38812,"1"
38813,"3"
38814,"2"
38815,"3"
38816,"2"
38817,"2"
38818,"2"
38819,"3"
38820,"1"
38821,"3"
38822,"2"
38823,"3"
38824,"1"
38825,"3"
38826,"3"
38827,"1"
38828,"2"
38829,"1"
38830,"2"
38831,"3"
38832,"1"
38833,"3"
38834,"2"
38835,"3"
38836,"3"
38837,"3"
38838,"1"
38839,"3"
38840,"3"
38841,"3"
38842,"2"
38843,"2"
38844,"2"
38845,"2"
38846,"1"
38847,"3"
38848,"3"
38849,"2"
38850,"3"
38851,"1"
38852,"3"
38853,"3"
38854,"1"
38855,"1"
38856,"3"
38857,"2"
38858,"1"
38859,"3"
38860,"3"
38861,"3"
38862,"1"
38863,"1"
38864,"1"
38865,"2"
38866,"2"
38867,"2"
38868,"3"
38869,"1"
38870,"1"
38871,"1"
38872,"1"
38873,"2"
38874,"3"
38875,"3"
38876,"3"
38877,"1"
38878,"2"
38879,"2"
38880,"1"
38881,"3"
38882,"3"
38883,"3"
38884,"3"
38885,"1"
38886,"3"
38887,"3"
38888,"3"
38889,"1"
38890,"1"
38891,"3"
38892,"3"
38893,"3"
38894,"2"
38895,"3"
38896,"2"
38897,"3"
38898,"3"
38899,"3"
38900,"1"
38901,"1"
38902,"3"
38903,"3"
38904,"3"
38905,"2"
38906,"3"
38907,"2"
38908,"1"
38909,"1"
38910,"1"
38911,"1"
38912,"1"
38913,"2"
38914,"2"
38915,"2"
38916,"3"
38917,"3"
38918,"3"
38919,"1"
38920,"3"
38921,"1"
38922,"3"
38923,"3"
38924,"3"
38925,"3"
38926,"1"
38927,"1"
38928,"3"
38929,"2"
38930,"2"
38931,"1"
38932,"1"
38933,"2"
38934,"2"
38935,"3"
38936,"1"
38937,"3"
38938,"3"
38939,"2"
38940,"2"
38941,"1"
38942,"3"
38943,"3"
38944,"2"
38945,"1"
38946,"1"
38947,"2"
38948,"2"
38949,"1"
38950,"3"
38951,"3"
38952,"2"
38953,"2"
38954,"1"
38955,"3"
38956,"1"
38957,"3"
38958,"1"
38959,"3"
38960,"1"
38961,"3"
38962,"2"
38963,"2"
38964,"2"
38965,"3"
38966,"2"
38967,"1"
38968,"3"
38969,"1"
38970,"3"
38971,"1"
38972,"1"
38973,"3"
38974,"2"
38975,"2"
38976,"2"
38977,"3"
38978,"2"
38979,"3"
38980,"1"
38981,"3"
38982,"3"
38983,"1"
38984,"3"
38985,"1"
38986,"1"
38987,"1"
38988,"3"
38989,"1"
38990,"3"
38991,"2"
38992,"3"
38993,"2"
38994,"1"
38995,"2"
38996,"2"
38997,"2"
38998,"3"
38999,"1"
39000,"3"
39001,"1"
39002,"1"
39003,"2"
39004,"2"
39005,"2"
39006,"1"
39007,"1"
39008,"2"
39009,"1"
39010,"1"
39011,"3"
39012,"1"
39013,"3"
39014,"1"
39015,"2"
39016,"3"
39017,"2"
39018,"2"
39019,"2"
39020,"3"
39021,"2"
39022,"3"
39023,"1"
39024,"1"
39025,"3"
39026,"3"
39027,"3"
39028,"3"
39029,"2"
39030,"2"
39031,"2"
39032,"2"
39033,"3"
39034,"2"
39035,"3"
39036,"3"
39037,"3"
39038,"2"
39039,"1"
39040,"1"
39041,"3"
39042,"3"
39043,"3"
39044,"3"
39045,"3"
39046,"3"
39047,"1"
39048,"2"
39049,"1"
39050,"3"
39051,"3"
39052,"2"
39053,"1"
39054,"2"
39055,"1"
39056,"2"
39057,"3"
39058,"2"
39059,"2"
39060,"3"
39061,"2"
39062,"3"
39063,"3"
39064,"1"
39065,"2"
39066,"1"
39067,"3"
39068,"1"
39069,"3"
39070,"1"
39071,"1"
39072,"1"
39073,"3"
39074,"3"
39075,"3"
39076,"2"
39077,"3"
39078,"2"
39079,"1"
39080,"1"
39081,"2"
39082,"1"
39083,"1"
39084,"3"
39085,"1"
39086,"1"
39087,"3"
39088,"3"
39089,"3"
39090,"3"
39091,"1"
39092,"2"
39093,"1"
39094,"1"
39095,"1"
39096,"3"
39097,"3"
39098,"3"
39099,"3"
39100,"3"
39101,"3"
39102,"2"
39103,"3"
39104,"1"
39105,"2"
39106,"3"
39107,"1"
39108,"1"
39109,"3"
39110,"1"
39111,"3"
39112,"2"
39113,"1"
39114,"3"
39115,"3"
39116,"2"
39117,"3"
39118,"2"
39119,"3"
39120,"2"
39121,"3"
39122,"1"
39123,"3"
39124,"3"
39125,"3"
39126,"1"
39127,"3"
39128,"1"
39129,"3"
39130,"1"
39131,"2"
39132,"3"
39133,"3"
39134,"2"
39135,"1"
39136,"3"
39137,"1"
39138,"3"
39139,"1"
39140,"2"
39141,"3"
39142,"3"
39143,"3"
39144,"1"
39145,"3"
39146,"3"
39147,"2"
39148,"3"
39149,"3"
39150,"1"
39151,"2"
39152,"2"
39153,"3"
39154,"1"
39155,"1"
39156,"1"
39157,"1"
39158,"3"
39159,"2"
39160,"1"
39161,"1"
39162,"3"
39163,"1"
39164,"1"
39165,"1"
39166,"3"
39167,"1"
39168,"1"
39169,"1"
39170,"2"
39171,"3"
39172,"3"
39173,"3"
39174,"1"
39175,"1"
39176,"2"
39177,"1"
39178,"2"
39179,"3"
39180,"3"
39181,"3"
39182,"1"
39183,"3"
39184,"1"
39185,"2"
39186,"1"
39187,"1"
39188,"1"
39189,"1"
39190,"1"
39191,"2"
39192,"1"
39193,"2"
39194,"2"
39195,"3"
39196,"2"
39197,"1"
39198,"3"
39199,"3"
39200,"3"
39201,"2"
39202,"2"
39203,"2"
39204,"3"
39205,"3"
39206,"1"
39207,"2"
39208,"3"
39209,"2"
39210,"1"
39211,"3"
39212,"1"
39213,"1"
39214,"3"
39215,"2"
39216,"1"
39217,"3"
39218,"2"
39219,"1"
39220,"3"
39221,"3"
39222,"3"
39223,"3"
39224,"1"
39225,"3"
39226,"1"
39227,"3"
39228,"1"
39229,"3"
39230,"3"
39231,"2"
39232,"3"
39233,"2"
39234,"3"
39235,"1"
39236,"3"
39237,"1"
39238,"2"
39239,"3"
39240,"1"
39241,"1"
39242,"1"
39243,"1"
39244,"2"
39245,"1"
39246,"1"
39247,"3"
39248,"3"
39249,"3"
39250,"3"
39251,"2"
39252,"3"
39253,"2"
39254,"3"
39255,"1"
39256,"3"
39257,"1"
39258,"3"
39259,"1"
39260,"1"
39261,"1"
39262,"1"
39263,"1"
39264,"1"
39265,"3"
39266,"2"
39267,"2"
39268,"3"
39269,"2"
39270,"1"
39271,"1"
39272,"1"
39273,"1"
39274,"1"
39275,"2"
39276,"3"
39277,"3"
39278,"2"
39279,"1"
39280,"2"
39281,"3"
39282,"1"
39283,"2"
39284,"1"
39285,"2"
39286,"1"
39287,"3"
39288,"1"
39289,"3"
39290,"3"
39291,"2"
39292,"1"
39293,"3"
39294,"3"
39295,"2"
39296,"2"
39297,"2"
39298,"2"
39299,"1"
39300,"2"
39301,"3"
39302,"1"
39303,"1"
39304,"1"
39305,"3"
39306,"2"
39307,"3"
39308,"1"
39309,"2"
39310,"1"
39311,"2"
39312,"3"
39313,"1"
39314,"3"
39315,"1"
39316,"1"
39317,"1"
39318,"1"
39319,"2"
39320,"2"
39321,"3"
39322,"3"
39323,"2"
39324,"3"
39325,"1"
39326,"1"
39327,"3"
39328,"2"
39329,"3"
39330,"3"
39331,"3"
39332,"1"
39333,"2"
39334,"3"
39335,"1"
39336,"1"
39337,"3"
39338,"2"
39339,"1"
39340,"2"
39341,"3"
39342,"1"
39343,"3"
39344,"3"
39345,"1"
39346,"2"
39347,"1"
39348,"3"
39349,"3"
39350,"1"
39351,"2"
39352,"3"
39353,"3"
39354,"1"
39355,"2"
39356,"1"
39357,"1"
39358,"3"
39359,"3"
39360,"1"
39361,"3"
39362,"2"
39363,"1"
39364,"1"
39365,"2"
39366,"2"
39367,"2"
39368,"2"
39369,"2"
39370,"1"
39371,"2"
39372,"2"
39373,"2"
39374,"3"
39375,"2"
39376,"2"
39377,"3"
39378,"3"
39379,"1"
39380,"1"
39381,"2"
39382,"2"
39383,"1"
39384,"1"
39385,"1"
39386,"2"
39387,"2"
39388,"3"
39389,"1"
39390,"2"
39391,"1"
39392,"2"
39393,"3"
39394,"3"
39395,"1"
39396,"3"
39397,"2"
39398,"2"
39399,"3"
39400,"2"
39401,"2"
39402,"2"
39403,"2"
39404,"3"
39405,"1"
39406,"2"
39407,"1"
39408,"1"
39409,"3"
39410,"2"
39411,"1"
39412,"1"
39413,"3"
39414,"3"
39415,"1"
39416,"3"
39417,"1"
39418,"2"
39419,"1"
39420,"1"
39421,"1"
39422,"1"
39423,"1"
39424,"3"
39425,"3"
39426,"1"
39427,"1"
39428,"1"
39429,"3"
39430,"1"
39431,"3"
39432,"3"
39433,"1"
39434,"2"
39435,"3"
39436,"1"
39437,"3"
39438,"1"
39439,"1"
39440,"3"
39441,"1"
39442,"2"
39443,"3"
39444,"3"
39445,"3"
39446,"3"
39447,"1"
39448,"1"
39449,"2"
39450,"2"
39451,"1"
39452,"2"
39453,"1"
39454,"3"
39455,"2"
39456,"1"
39457,"1"
39458,"1"
39459,"2"
39460,"2"
39461,"3"
39462,"1"
39463,"3"
39464,"3"
39465,"1"
39466,"1"
39467,"1"
39468,"2"
39469,"2"
39470,"1"
39471,"1"
39472,"2"
39473,"3"
39474,"1"
39475,"2"
39476,"3"
39477,"2"
39478,"1"
39479,"1"
39480,"3"
39481,"3"
39482,"3"
39483,"3"
39484,"3"
39485,"1"
39486,"1"
39487,"3"
39488,"2"
39489,"2"
39490,"3"
39491,"1"
39492,"1"
39493,"3"
39494,"1"
39495,"3"
39496,"3"
39497,"2"
39498,"2"
39499,"3"
39500,"1"
39501,"1"
39502,"1"
39503,"3"
39504,"2"
39505,"1"
39506,"2"
39507,"2"
39508,"1"
39509,"1"
39510,"1"
39511,"2"
39512,"1"
39513,"1"
39514,"1"
39515,"1"
39516,"2"
39517,"3"
39518,"2"
39519,"2"
39520,"1"
39521,"2"
39522,"3"
39523,"3"
39524,"1"
39525,"2"
39526,"1"
39527,"1"
39528,"1"
39529,"2"
39530,"1"
39531,"3"
39532,"2"
39533,"3"
39534,"3"
39535,"3"
39536,"1"
39537,"1"
39538,"3"
39539,"3"
39540,"1"
39541,"2"
39542,"1"
39543,"1"
39544,"3"
39545,"1"
39546,"3"
39547,"2"
39548,"2"
39549,"1"
39550,"2"
39551,"1"
39552,"1"
39553,"1"
39554,"3"
39555,"2"
39556,"3"
39557,"1"
39558,"3"
39559,"2"
39560,"2"
39561,"3"
39562,"2"
39563,"1"
39564,"2"
39565,"1"
39566,"1"
39567,"1"
39568,"3"
39569,"1"
39570,"2"
39571,"3"
39572,"2"
39573,"3"
39574,"3"
39575,"1"
39576,"2"
39577,"2"
39578,"3"
39579,"3"
39580,"2"
39581,"2"
39582,"3"
39583,"3"
39584,"1"
39585,"2"
39586,"3"
39587,"3"
39588,"2"
39589,"1"
39590,"3"
39591,"3"
39592,"3"
39593,"2"
39594,"2"
39595,"2"
39596,"3"
39597,"1"
39598,"3"
39599,"2"
39600,"3"
39601,"1"
39602,"1"
39603,"1"
39604,"3"
39605,"1"
39606,"1"
39607,"3"
39608,"2"
39609,"1"
39610,"1"
39611,"1"
39612,"3"
39613,"3"
39614,"2"
39615,"1"
39616,"3"
39617,"3"
39618,"3"
39619,"1"
39620,"3"
39621,"3"
39622,"1"
39623,"2"
39624,"3"
39625,"3"
39626,"1"
39627,"1"
39628,"1"
39629,"2"
39630,"2"
39631,"3"
39632,"1"
39633,"3"
39634,"2"
39635,"3"
39636,"1"
39637,"3"
39638,"2"
39639,"1"
39640,"1"
39641,"3"
39642,"3"
39643,"3"
39644,"1"
